2026-05-14 16:11:27,641 [    730] [main]  DEBUG - ru.poscenter.scale.ScaleSerial - setParam(PortType: 0)
2026-05-14 16:11:27,643 [    732] [main]  DEBUG - ru.poscenter.scale.ScaleSerial - setParam(PortName: COM10)
2026-05-14 16:11:27,643 [    732] [main]  DEBUG - ru.poscenter.scale.ScaleSerial - setParam(BaudRate: 115200)
2026-05-14 16:11:27,643 [    732] [main]  DEBUG - ru.poscenter.scale.ScaleSerial - setParam(DataBits: 8)
2026-05-14 16:11:27,643 [    732] [main]  DEBUG - ru.poscenter.scale.ScaleSerial - setParam(StopBits: 1)
2026-05-14 16:11:27,643 [    732] [main]  DEBUG - ru.poscenter.scale.ScaleSerial - setParam(Parity: 0)
2026-05-14 16:11:27,643 [    732] [main]  DEBUG - ru.poscenter.scale.ScaleSerial - setParam(OpenTimeout: 1000)
2026-05-14 16:11:27,644 [    733] [main]  DEBUG - ru.poscenter.scale.ScaleSerial - setParam(ReadTimeout: 500)
2026-05-14 16:11:27,644 [    733] [main]  DEBUG - ru.poscenter.scale.ScaleSerial - setParam(Password: 0030)
2026-05-14 16:11:27,644 [    733] [main]  DEBUG - ru.poscenter.scale.ScaleSerial - getParam(PortName)
2026-05-14 16:11:27,644 [    733] [main]  DEBUG - ru.poscenter.scale.ScaleSerial - setParam(PortName: COM10)
2026-05-14 16:11:27,644 [    733] [main]  DEBUG - ru.poscenter.scale.ScaleSerial - getParam(PortName)
2026-05-14 16:11:28,534 [    737] [main]  DEBUG - ru.poscenter.scale.ScaleSerial - setParam(PortType: 0)
2026-05-14 16:11:28,536 [    739] [main]  DEBUG - ru.poscenter.scale.ScaleSerial - setParam(PortName: COM10)
2026-05-14 16:11:28,536 [    739] [main]  DEBUG - ru.poscenter.scale.ScaleSerial - setParam(BaudRate: 115200)
2026-05-14 16:11:28,536 [    739] [main]  DEBUG - ru.poscenter.scale.ScaleSerial - setParam(DataBits: 8)
2026-05-14 16:11:28,536 [    739] [main]  DEBUG - ru.poscenter.scale.ScaleSerial - setParam(StopBits: 1)
2026-05-14 16:11:28,536 [    739] [main]  DEBUG - ru.poscenter.scale.ScaleSerial - setParam(Parity: 0)
2026-05-14 16:11:28,536 [    739] [main]  DEBUG - ru.poscenter.scale.ScaleSerial - setParam(OpenTimeout: 1000)
2026-05-14 16:11:28,536 [    739] [main]  DEBUG - ru.poscenter.scale.ScaleSerial - setParam(ReadTimeout: 500)
2026-05-14 16:11:28,536 [    739] [main]  DEBUG - ru.poscenter.scale.ScaleSerial - setParam(Password: 0030)
2026-05-14 16:11:28,536 [    739] [main]  DEBUG - ru.poscenter.scale.ScaleSerial - setParam(PortName: COM5)
2026-05-14 16:11:28,536 [    739] [main]  DEBUG - ru.poscenter.scale.ScaleSerial - setParam(BaudRate: 115200)
2026-05-14 16:11:28,536 [    739] [main]  DEBUG - ru.poscenter.scale.ScaleSerial - getParam(PortType)
2026-05-14 16:11:28,536 [    739] [main]  DEBUG - ru.poscenter.scale.ScaleSerial - getParam(PortName)
2026-05-14 16:11:28,536 [    739] [main]  DEBUG - ru.poscenter.scale.ScaleSerial - getParam(BaudRate)
2026-05-14 16:11:28,536 [    739] [main]  DEBUG - ru.poscenter.scale.ScaleSerial - getParam(OpenTimeout)
2026-05-14 16:11:28,536 [    739] [main]  DEBUG - ru.poscenter.scale.ScaleSerial - getParam(ReadTimeout)
2026-05-14 16:11:28,538 [    741] [main]  DEBUG - ru.poscenter.scale.ScaleSerial - getParam(Password)
2026-05-14 16:11:28,549 [    752] [main]  DEBUG - ru.poscenter.scale.ScaleSerial - getParam(PortName)
2026-05-14 16:11:28,549 [    752] [main]  DEBUG - ru.poscenter.scale.ScaleSerial - getParam(BaudRate)
2026-05-14 16:11:28,550 [    753] [main]  DEBUG - ru.poscenter.scale.ScaleSerial - setParam(PortType: 0)
2026-05-14 16:11:28,550 [    753] [main]  DEBUG - ru.poscenter.scale.ScaleSerial - setParam(PortName: COM5)
2026-05-14 16:11:28,550 [    753] [main]  DEBUG - ru.poscenter.scale.ScaleSerial - setParam(BaudRate: 115200)
2026-05-14 16:11:28,550 [    753] [main]  DEBUG - ru.poscenter.scale.ScaleSerial - setParam(DataBits: 8)
2026-05-14 16:11:28,550 [    753] [main]  DEBUG - ru.poscenter.scale.ScaleSerial - setParam(StopBits: 1)
2026-05-14 16:11:28,550 [    753] [main]  DEBUG - ru.poscenter.scale.ScaleSerial - setParam(Parity: 0)
2026-05-14 16:11:28,550 [    753] [main]  DEBUG - ru.poscenter.scale.ScaleSerial - setParam(OpenTimeout: 1000)
2026-05-14 16:11:28,550 [    753] [main]  DEBUG - ru.poscenter.scale.ScaleSerial - setParam(ReadTimeout: 500)
2026-05-14 16:11:28,550 [    753] [main]  DEBUG - ru.poscenter.scale.ScaleSerial - setParam(Password: 0030)
2026-05-14 16:11:28,550 [    753] [main]  DEBUG - ru.poscenter.scale.ScaleSerial - getParam(PortName)
2026-05-14 16:11:28,550 [    753] [main]  DEBUG - ru.poscenter.scale.ScaleSerial - getParam(BaudRate)
2026-05-14 16:11:28,555 [    758] [main]  DEBUG - ru.poscenter.scale.ScaleSerial - setParam(PortName: COM4)
2026-05-14 16:11:28,556 [    759] [main]  DEBUG - ru.poscenter.scale.ScaleSerial - getParam(PortName)
2026-05-14 16:11:29,875 [    736] [main]  DEBUG - ru.poscenter.jpos.scale.ScaleService - open(TestScale, ru.poscenter.jpos.scale.ScaleServiceTest$TestEventCallbacksWithHandler@51399530)
2026-05-14 16:11:29,877 [    738] [ScaleEventThread]  DEBUG - ru.poscenter.jpos.scale.ScaleService - Event thread started
2026-05-14 16:11:29,878 [    739] [main]  DEBUG - ru.poscenter.jpos.scale.ScaleService - State changing from JPOS_S_CLOSED to JPOS_S_IDLE
2026-05-14 16:11:29,878 [    739] [main]  DEBUG - ru.poscenter.jpos.scale.ScaleService - open: OK
2026-05-14 16:11:29,878 [    739] [main]  DEBUG - ru.poscenter.jpos.scale.ScaleService - getPhysicalDeviceDescription()
2026-05-14 16:11:29,878 [    739] [main]  DEBUG - ru.poscenter.jpos.scale.ScaleService - getPhysicalDeviceDescription: SHTRIKH-M POS2 Scale
2026-05-14 16:11:29,878 [    739] [main]  DEBUG - ru.poscenter.jpos.scale.ScaleService - close()
2026-05-14 16:11:29,878 [    739] [main]  DEBUG - ru.poscenter.jpos.scale.ScaleService - getDeviceEnabled
2026-05-14 16:11:29,878 [    739] [main]  DEBUG - ru.poscenter.jpos.scale.ScaleService - getDeviceEnabled: false
2026-05-14 16:11:29,879 [    740] [ScaleEventThread]  DEBUG - ru.poscenter.jpos.scale.ScaleService - Event thread interrupted
2026-05-14 16:11:29,879 [    740] [ScaleEventThread]  DEBUG - ru.poscenter.jpos.scale.ScaleService - Event thread stopped
2026-05-14 16:11:29,879 [    740] [main]  DEBUG - ru.poscenter.jpos.scale.ScaleService - Event thread stopped
2026-05-14 16:11:29,879 [    740] [main]  DEBUG - ru.poscenter.jpos.scale.ScaleService - State changing from JPOS_S_IDLE to JPOS_S_CLOSED
2026-05-14 16:11:29,879 [    740] [main]  DEBUG - ru.poscenter.jpos.scale.ScaleService - close: OK
2026-05-14 16:11:29,879 [    740] [main]  DEBUG - ru.poscenter.jpos.scale.ScaleService - open(TestScale, ru.poscenter.jpos.scale.ScaleServiceTest$TestEventCallbacksWithHandler@51399530)
2026-05-14 16:11:29,879 [    740] [main]  DEBUG - ru.poscenter.jpos.scale.ScaleService - State changing from JPOS_S_CLOSED to JPOS_S_IDLE
2026-05-14 16:11:29,879 [    740] [main]  DEBUG - ru.poscenter.jpos.scale.ScaleService - open: OK
2026-05-14 16:11:29,879 [    740] [main]  DEBUG - ru.poscenter.jpos.scale.ScaleService - getPhysicalDeviceDescription()
2026-05-14 16:11:29,879 [    740] [main]  DEBUG - ru.poscenter.jpos.scale.ScaleService - getPhysicalDeviceDescription: SHTRIKH-M SHTRIH5 Scale
2026-05-14 16:11:29,879 [    740] [main]  DEBUG - ru.poscenter.jpos.scale.ScaleService - close()
2026-05-14 16:11:29,879 [    740] [main]  DEBUG - ru.poscenter.jpos.scale.ScaleService - getDeviceEnabled
2026-05-14 16:11:29,879 [    740] [ScaleEventThread]  DEBUG - ru.poscenter.jpos.scale.ScaleService - Event thread started
2026-05-14 16:11:29,879 [    740] [main]  DEBUG - ru.poscenter.jpos.scale.ScaleService - getDeviceEnabled: false
2026-05-14 16:11:29,879 [    740] [ScaleEventThread]  DEBUG - ru.poscenter.jpos.scale.ScaleService - Event thread interrupted
2026-05-14 16:11:29,880 [    741] [ScaleEventThread]  DEBUG - ru.poscenter.jpos.scale.ScaleService - Event thread stopped
2026-05-14 16:11:29,880 [    741] [main]  DEBUG - ru.poscenter.jpos.scale.ScaleService - Event thread stopped
2026-05-14 16:11:29,880 [    741] [main]  DEBUG - ru.poscenter.jpos.scale.ScaleService - State changing from JPOS_S_IDLE to JPOS_S_CLOSED
2026-05-14 16:11:29,880 [    741] [main]  DEBUG - ru.poscenter.jpos.scale.ScaleService - close: OK
2026-05-14 16:11:29,880 [    741] [main]  DEBUG - ru.poscenter.jpos.scale.ScaleService - open(TestScale, ru.poscenter.jpos.scale.ScaleServiceTest$TestEventCallbacksWithHandler@51399530)
2026-05-14 16:11:29,880 [    741] [main]  DEBUG - ru.poscenter.jpos.scale.ScaleService - State changing from JPOS_S_CLOSED to JPOS_S_IDLE
2026-05-14 16:11:29,880 [    741] [main]  DEBUG - ru.poscenter.jpos.scale.ScaleService - open: OK
2026-05-14 16:11:29,880 [    741] [main]  DEBUG - ru.poscenter.jpos.scale.ScaleService - getPhysicalDeviceDescription()
2026-05-14 16:11:29,880 [    741] [main]  DEBUG - ru.poscenter.jpos.scale.ScaleService - getPhysicalDeviceDescription: SHTRIKH-M SHTRIH6 Scale
2026-05-14 16:11:29,880 [    741] [main]  DEBUG - ru.poscenter.jpos.scale.ScaleService - close()
2026-05-14 16:11:29,880 [    741] [ScaleEventThread]  DEBUG - ru.poscenter.jpos.scale.ScaleService - Event thread started
2026-05-14 16:11:29,880 [    741] [main]  DEBUG - ru.poscenter.jpos.scale.ScaleService - getDeviceEnabled
2026-05-14 16:11:29,880 [    741] [main]  DEBUG - ru.poscenter.jpos.scale.ScaleService - getDeviceEnabled: false
2026-05-14 16:11:29,881 [    742] [ScaleEventThread]  DEBUG - ru.poscenter.jpos.scale.ScaleService - Event thread interrupted
2026-05-14 16:11:29,881 [    742] [ScaleEventThread]  DEBUG - ru.poscenter.jpos.scale.ScaleService - Event thread stopped
2026-05-14 16:11:29,881 [    742] [main]  DEBUG - ru.poscenter.jpos.scale.ScaleService - Event thread stopped
2026-05-14 16:11:29,881 [    742] [main]  DEBUG - ru.poscenter.jpos.scale.ScaleService - State changing from JPOS_S_IDLE to JPOS_S_CLOSED
2026-05-14 16:11:29,881 [    742] [main]  DEBUG - ru.poscenter.jpos.scale.ScaleService - close: OK
2026-05-14 16:11:29,885 [    746] [main]  DEBUG - ru.poscenter.jpos.scale.ScaleService - open(TestScale, ru.poscenter.jpos.scale.ScaleServiceTest$TestEventCallbacksWithHandler@4c12331b)
2026-05-14 16:11:29,885 [    746] [main]  DEBUG - ru.poscenter.jpos.scale.ScaleService - State changing from JPOS_S_CLOSED to JPOS_S_IDLE
2026-05-14 16:11:29,885 [    746] [main]  DEBUG - ru.poscenter.jpos.scale.ScaleService - open: OK
2026-05-14 16:11:29,885 [    746] [main]  DEBUG - ru.poscenter.jpos.scale.ScaleService - setPollEnabled(false)
2026-05-14 16:11:29,885 [    746] [main]  DEBUG - ru.poscenter.jpos.scale.ScaleService - setPollEnabled: OK
2026-05-14 16:11:29,885 [    746] [main]  DEBUG - ru.poscenter.jpos.scale.ScaleService - setPowerNotify(0)
2026-05-14 16:11:29,885 [    746] [main]  DEBUG - ru.poscenter.jpos.scale.ScaleService - setPowerNotify: OK
2026-05-14 16:11:29,885 [    746] [main]  DEBUG - ru.poscenter.jpos.scale.ScaleService - setDataEventEnabled(true)
2026-05-14 16:11:29,885 [    746] [main]  DEBUG - ru.poscenter.jpos.scale.ScaleService - setDataEventEnabled: OK
2026-05-14 16:11:29,885 [    746] [main]  DEBUG - ru.poscenter.jpos.scale.ScaleService - claim(0)
2026-05-14 16:11:29,885 [    746] [ScaleEventThread]  DEBUG - ru.poscenter.jpos.scale.ScaleService - Event thread started
2026-05-14 16:11:29,885 [    746] [main]  DEBUG - ru.poscenter.scale.ScaleSerial - setParam(OpenTimeout: 0)
2026-05-14 16:11:29,886 [    747] [main]   INFO - ru.poscenter.jpos.scale.ScaleService - ChannelParams: minWeight=0g, maxWeight=0g
2026-05-14 16:11:29,887 [    748] [main]   INFO - ru.poscenter.jpos.scale.ScaleService - ChannelParams details:
Флаги              : 0000
Десятичная точка   : 0
Степень            : 0
Тип канала         : < тензоканал >
Выборка массы тары : < нет >
Максимальный вес   : 0,000 кг
Минимальный вес    : 0,000 кг
Максимальная тара  : 0,000 кг
Количество градуировочных точек: 0
2026-05-14 16:11:29,888 [    749] [main]  DEBUG - ru.poscenter.jpos.scale.ScaleService - null
Тип: 0.0, версия: 0.0
Модель: 0, язык: 0
2026-05-14 16:11:29,888 [    749] [main]  DEBUG - ru.poscenter.jpos.scale.ScaleService - claim: OK, statistics initialized
2026-05-14 16:11:29,888 [    749] [main]  DEBUG - ru.poscenter.jpos.scale.ScaleService - setDeviceEnabled(true)
2026-05-14 16:11:29,888 [    749] [main]  DEBUG - ru.poscenter.jpos.scale.ScaleService - setDeviceEnabled: device enabled
2026-05-14 16:11:29,888 [    749] [main]  DEBUG - ru.poscenter.jpos.scale.ScaleService - setDeviceEnabled: OK
2026-05-14 16:11:29,888 [    749] [main]  DEBUG - ru.poscenter.jpos.scale.ScaleService - setAsyncMode(false)
2026-05-14 16:11:29,888 [    749] [main]  DEBUG - ru.poscenter.jpos.scale.ScaleService - setAsyncMode: no change
2026-05-14 16:11:29,994 [    855] [main]  DEBUG - ru.poscenter.jpos.scale.ScaleService - setUnitPriceWithWeightUnit(unitPrice=100, weightUnit=999, weightNumerator=1, weightDenominator=1)
2026-05-14 16:11:29,994 [    855] [main]  DEBUG - ru.poscenter.jpos.scale.ScaleService - setUnitPriceWithWeightUnit(unitPrice=100, weightUnit=1, weightNumerator=0, weightDenominator=1)
2026-05-14 16:11:29,994 [    855] [main]  DEBUG - ru.poscenter.jpos.scale.ScaleService - setUnitPriceWithWeightUnit(unitPrice=100, weightUnit=1, weightNumerator=1, weightDenominator=0)
2026-05-14 16:11:29,995 [    856] [main]  DEBUG - ru.poscenter.jpos.scale.ScaleService - close()
2026-05-14 16:11:29,995 [    856] [main]  DEBUG - ru.poscenter.jpos.scale.ScaleService - getDeviceEnabled
2026-05-14 16:11:29,995 [    856] [main]  DEBUG - ru.poscenter.jpos.scale.ScaleService - getDeviceEnabled: true
2026-05-14 16:11:29,995 [    856] [main]  DEBUG - ru.poscenter.jpos.scale.ScaleService - setDeviceEnabled(false)
2026-05-14 16:11:29,995 [    856] [main]  DEBUG - ru.poscenter.jpos.scale.ScaleService - setDeviceEnabled: device disabled
2026-05-14 16:11:29,995 [    856] [main]  DEBUG - ru.poscenter.jpos.scale.ScaleService - setDeviceEnabled: OK
2026-05-14 16:11:29,995 [    856] [main]  DEBUG - ru.poscenter.jpos.scale.ScaleService - release()
2026-05-14 16:11:29,995 [    856] [main]  DEBUG - ru.poscenter.jpos.scale.ScaleService - release: OK
2026-05-14 16:11:29,995 [    856] [ScaleEventThread]  DEBUG - ru.poscenter.jpos.scale.ScaleService - Event thread interrupted
2026-05-14 16:11:29,995 [    856] [ScaleEventThread]  DEBUG - ru.poscenter.jpos.scale.ScaleService - Event thread stopped
2026-05-14 16:11:29,996 [    857] [main]  DEBUG - ru.poscenter.jpos.scale.ScaleService - Event thread stopped
2026-05-14 16:11:29,996 [    857] [main]  DEBUG - ru.poscenter.jpos.scale.ScaleService - State changing from JPOS_S_IDLE to JPOS_S_CLOSED
2026-05-14 16:11:29,996 [    857] [main]  DEBUG - ru.poscenter.jpos.scale.ScaleService - close: OK
2026-05-14 16:11:29,997 [    858] [main]  DEBUG - ru.poscenter.jpos.scale.ScaleService - open(TestScale, ru.poscenter.jpos.scale.ScaleServiceTest$TestEventCallbacksWithHandler@3b69e7d1)
2026-05-14 16:11:29,997 [    858] [main]  DEBUG - ru.poscenter.jpos.scale.ScaleService - State changing from JPOS_S_CLOSED to JPOS_S_IDLE
2026-05-14 16:11:29,997 [    858] [main]  DEBUG - ru.poscenter.jpos.scale.ScaleService - open: OK
2026-05-14 16:11:29,997 [    858] [main]  DEBUG - ru.poscenter.jpos.scale.ScaleService - setPollEnabled(false)
2026-05-14 16:11:29,997 [    858] [main]  DEBUG - ru.poscenter.jpos.scale.ScaleService - setPollEnabled: OK
2026-05-14 16:11:29,997 [    858] [main]  DEBUG - ru.poscenter.jpos.scale.ScaleService - setPowerNotify(0)
2026-05-14 16:11:29,997 [    858] [main]  DEBUG - ru.poscenter.jpos.scale.ScaleService - setPowerNotify: OK
2026-05-14 16:11:29,997 [    858] [main]  DEBUG - ru.poscenter.jpos.scale.ScaleService - setDataEventEnabled(true)
2026-05-14 16:11:29,997 [    858] [ScaleEventThread]  DEBUG - ru.poscenter.jpos.scale.ScaleService - Event thread started
2026-05-14 16:11:29,997 [    858] [main]  DEBUG - ru.poscenter.jpos.scale.ScaleService - setDataEventEnabled: OK
2026-05-14 16:11:29,998 [    859] [main]  DEBUG - ru.poscenter.jpos.scale.ScaleService - claim(0)
2026-05-14 16:11:29,998 [    859] [main]  DEBUG - ru.poscenter.scale.ScaleSerial - setParam(OpenTimeout: 0)
2026-05-14 16:11:29,998 [    859] [main]   INFO - ru.poscenter.jpos.scale.ScaleService - ChannelParams: minWeight=0g, maxWeight=0g
2026-05-14 16:11:30,000 [    861] [main]   INFO - ru.poscenter.jpos.scale.ScaleService - ChannelParams details:
Флаги              : 0000
Десятичная точка   : 0
Степень            : 0
Тип канала         : < тензоканал >
Выборка массы тары : < нет >
Максимальный вес   : 0,000 кг
Минимальный вес    : 0,000 кг
Максимальная тара  : 0,000 кг
Количество градуировочных точек: 0
2026-05-14 16:11:30,000 [    861] [main]  DEBUG - ru.poscenter.jpos.scale.ScaleService - null
Тип: 0.0, версия: 0.0
Модель: 0, язык: 0
2026-05-14 16:11:30,000 [    861] [main]  DEBUG - ru.poscenter.jpos.scale.ScaleService - claim: OK, statistics initialized
2026-05-14 16:11:30,000 [    861] [main]  DEBUG - ru.poscenter.jpos.scale.ScaleService - setDeviceEnabled(true)
2026-05-14 16:11:30,000 [    861] [main]  DEBUG - ru.poscenter.jpos.scale.ScaleService - setDeviceEnabled: device enabled
2026-05-14 16:11:30,000 [    861] [main]  DEBUG - ru.poscenter.jpos.scale.ScaleService - setDeviceEnabled: OK
2026-05-14 16:11:30,000 [    861] [main]  DEBUG - ru.poscenter.jpos.scale.ScaleService - setAsyncMode(false)
2026-05-14 16:11:30,000 [    861] [main]  DEBUG - ru.poscenter.jpos.scale.ScaleService - setAsyncMode: no change
2026-05-14 16:11:30,103 [    964] [main]  DEBUG - ru.poscenter.jpos.scale.ScaleService - setUnitPriceWithWeightUnit(unitPrice=255000, weightUnit=2, weightNumerator=1, weightDenominator=1)
2026-05-14 16:11:30,103 [    964] [main]  DEBUG - ru.poscenter.jpos.scale.ScaleService - close()
2026-05-14 16:11:30,103 [    964] [main]  DEBUG - ru.poscenter.jpos.scale.ScaleService - getDeviceEnabled
2026-05-14 16:11:30,103 [    964] [main]  DEBUG - ru.poscenter.jpos.scale.ScaleService - getDeviceEnabled: true
2026-05-14 16:11:30,103 [    964] [main]  DEBUG - ru.poscenter.jpos.scale.ScaleService - setDeviceEnabled(false)
2026-05-14 16:11:30,103 [    964] [main]  DEBUG - ru.poscenter.jpos.scale.ScaleService - setDeviceEnabled: device disabled
2026-05-14 16:11:30,104 [    965] [main]  DEBUG - ru.poscenter.jpos.scale.ScaleService - setDeviceEnabled: OK
2026-05-14 16:11:30,104 [    965] [main]  DEBUG - ru.poscenter.jpos.scale.ScaleService - release()
2026-05-14 16:11:30,104 [    965] [main]  DEBUG - ru.poscenter.jpos.scale.ScaleService - release: OK
2026-05-14 16:11:30,104 [    965] [ScaleEventThread]  DEBUG - ru.poscenter.jpos.scale.ScaleService - Event thread interrupted
2026-05-14 16:11:30,104 [    965] [ScaleEventThread]  DEBUG - ru.poscenter.jpos.scale.ScaleService - Event thread stopped
2026-05-14 16:11:30,104 [    965] [main]  DEBUG - ru.poscenter.jpos.scale.ScaleService - Event thread stopped
2026-05-14 16:11:30,104 [    965] [main]  DEBUG - ru.poscenter.jpos.scale.ScaleService - State changing from JPOS_S_IDLE to JPOS_S_CLOSED
2026-05-14 16:11:30,104 [    965] [main]  DEBUG - ru.poscenter.jpos.scale.ScaleService - close: OK
2026-05-14 16:11:30,106 [    967] [main]  DEBUG - ru.poscenter.jpos.scale.ScaleService - open(TestScale, ru.poscenter.jpos.scale.ScaleServiceTest$TestEventCallbacksWithHandler@5542c4ed)
2026-05-14 16:11:30,107 [    968] [main]  DEBUG - ru.poscenter.jpos.scale.ScaleService - State changing from JPOS_S_CLOSED to JPOS_S_IDLE
2026-05-14 16:11:30,107 [    968] [main]  DEBUG - ru.poscenter.jpos.scale.ScaleService - open: OK
2026-05-14 16:11:30,107 [    968] [main]  DEBUG - ru.poscenter.jpos.scale.ScaleService - setPollEnabled(false)
2026-05-14 16:11:30,107 [    968] [main]  DEBUG - ru.poscenter.jpos.scale.ScaleService - setPollEnabled: OK
2026-05-14 16:11:30,107 [    968] [ScaleEventThread]  DEBUG - ru.poscenter.jpos.scale.ScaleService - Event thread started
2026-05-14 16:11:30,107 [    968] [main]  DEBUG - ru.poscenter.jpos.scale.ScaleService - setPowerNotify(0)
2026-05-14 16:11:30,107 [    968] [main]  DEBUG - ru.poscenter.jpos.scale.ScaleService - setPowerNotify: OK
2026-05-14 16:11:30,107 [    968] [main]  DEBUG - ru.poscenter.jpos.scale.ScaleService - setDataEventEnabled(true)
2026-05-14 16:11:30,107 [    968] [main]  DEBUG - ru.poscenter.jpos.scale.ScaleService - setDataEventEnabled: OK
2026-05-14 16:11:30,107 [    968] [main]  DEBUG - ru.poscenter.jpos.scale.ScaleService - claim(0)
2026-05-14 16:11:30,107 [    968] [main]  DEBUG - ru.poscenter.scale.ScaleSerial - setParam(OpenTimeout: 0)
2026-05-14 16:11:30,107 [    968] [main]   INFO - ru.poscenter.jpos.scale.ScaleService - ChannelParams: minWeight=0g, maxWeight=0g
2026-05-14 16:11:30,108 [    969] [main]   INFO - ru.poscenter.jpos.scale.ScaleService - ChannelParams details:
Флаги              : 0000
Десятичная точка   : 0
Степень            : 0
Тип канала         : < тензоканал >
Выборка массы тары : < нет >
Максимальный вес   : 0,000 кг
Минимальный вес    : 0,000 кг
Максимальная тара  : 0,000 кг
Количество градуировочных точек: 0
2026-05-14 16:11:30,108 [    969] [main]  DEBUG - ru.poscenter.jpos.scale.ScaleService - null
Тип: 0.0, версия: 0.0
Модель: 0, язык: 0
2026-05-14 16:11:30,108 [    969] [main]  DEBUG - ru.poscenter.jpos.scale.ScaleService - claim: OK, statistics initialized
2026-05-14 16:11:30,108 [    969] [main]  DEBUG - ru.poscenter.jpos.scale.ScaleService - setDeviceEnabled(true)
2026-05-14 16:11:30,108 [    969] [main]  DEBUG - ru.poscenter.jpos.scale.ScaleService - setDeviceEnabled: device enabled
2026-05-14 16:11:30,108 [    969] [main]  DEBUG - ru.poscenter.jpos.scale.ScaleService - setDeviceEnabled: OK
2026-05-14 16:11:30,108 [    969] [main]  DEBUG - ru.poscenter.jpos.scale.ScaleService - setAsyncMode(true)
2026-05-14 16:11:30,109 [    970] [main]  DEBUG - ru.poscenter.jpos.scale.ScaleService - Weight thread started
2026-05-14 16:11:30,109 [    970] [main]  DEBUG - ru.poscenter.jpos.scale.ScaleService - setAsyncMode: OK
2026-05-14 16:11:30,109 [    970] [ScaleWeightThread]  DEBUG - ru.poscenter.jpos.scale.ScaleService - Weight thread started
2026-05-14 16:11:30,213 [   1074] [main]  DEBUG - ru.poscenter.jpos.scale.ScaleService - readWeight(null, 3000)
2026-05-14 16:11:30,213 [   1074] [main]  DEBUG - ru.poscenter.jpos.scale.ScaleService - State changing from JPOS_S_IDLE to JPOS_S_BUSY
2026-05-14 16:11:30,214 [   1075] [ScaleWeightThread]  DEBUG - ru.poscenter.jpos.scale.ScaleService - Processing request #359922172, timeout=3000, retry=0
2026-05-14 16:11:30,214 [   1075] [ScaleWeightThread]  DEBUG - ru.poscenter.jpos.scale.ScaleService - State changing from JPOS_S_BUSY to JPOS_S_IDLE
2026-05-14 16:11:30,214 [   1075] [ScaleWeightThread]  DEBUG - ru.poscenter.jpos.scale.ScaleService - Weight request processed, weight=2147483647
2026-05-14 16:11:30,214 [   1075] [main]  DEBUG - ru.poscenter.jpos.scale.ScaleService - readWeight: async request queued
2026-05-14 16:11:30,214 [   1075] [ScaleEventThread]  DEBUG - ru.poscenter.jpos.scale.ScaleService - fireJposEvent: DataEvent
2026-05-14 16:11:30,215 [   1076] [main]  DEBUG - ru.poscenter.jpos.scale.ScaleService - close()
2026-05-14 16:11:30,215 [   1076] [main]  DEBUG - ru.poscenter.jpos.scale.ScaleService - getDeviceEnabled
2026-05-14 16:11:30,215 [   1076] [main]  DEBUG - ru.poscenter.jpos.scale.ScaleService - getDeviceEnabled: true
2026-05-14 16:11:30,215 [   1076] [main]  DEBUG - ru.poscenter.jpos.scale.ScaleService - setDeviceEnabled(false)
2026-05-14 16:11:30,215 [   1076] [main]  DEBUG - ru.poscenter.jpos.scale.ScaleService - setAsyncMode(false)
2026-05-14 16:11:30,215 [   1076] [ScaleWeightThread]  DEBUG - ru.poscenter.jpos.scale.ScaleService - Weight thread interrupted
2026-05-14 16:11:30,215 [   1076] [ScaleWeightThread]  DEBUG - ru.poscenter.jpos.scale.ScaleService - Weight thread stopped
2026-05-14 16:11:30,215 [   1076] [main]  DEBUG - ru.poscenter.jpos.scale.ScaleService - Weight thread stopped
2026-05-14 16:11:30,215 [   1076] [main]  DEBUG - ru.poscenter.jpos.scale.ScaleService - setAsyncMode: OK
2026-05-14 16:11:30,215 [   1076] [main]  DEBUG - ru.poscenter.jpos.scale.ScaleService - setDeviceEnabled: device disabled
2026-05-14 16:11:30,216 [   1077] [main]  DEBUG - ru.poscenter.jpos.scale.ScaleService - setDeviceEnabled: OK
2026-05-14 16:11:30,216 [   1077] [main]  DEBUG - ru.poscenter.jpos.scale.ScaleService - release()
2026-05-14 16:11:30,216 [   1077] [main]  DEBUG - ru.poscenter.jpos.scale.ScaleService - release: OK
2026-05-14 16:11:30,216 [   1077] [ScaleEventThread]  DEBUG - ru.poscenter.jpos.scale.ScaleService - Event thread interrupted
2026-05-14 16:11:30,216 [   1077] [ScaleEventThread]  DEBUG - ru.poscenter.jpos.scale.ScaleService - Event thread stopped
2026-05-14 16:11:30,216 [   1077] [main]  DEBUG - ru.poscenter.jpos.scale.ScaleService - Event thread stopped
2026-05-14 16:11:30,216 [   1077] [main]  DEBUG - ru.poscenter.jpos.scale.ScaleService - State changing from JPOS_S_IDLE to JPOS_S_CLOSED
2026-05-14 16:11:30,216 [   1077] [main]  DEBUG - ru.poscenter.jpos.scale.ScaleService - close: OK
2026-05-14 16:11:30,217 [   1078] [main]  DEBUG - ru.poscenter.jpos.scale.ScaleService - open(TestScale, ru.poscenter.jpos.scale.ScaleServiceTest$TestEventCallbacksWithHandler@44c03695)
2026-05-14 16:11:30,218 [   1079] [main]  DEBUG - ru.poscenter.jpos.scale.ScaleService - State changing from JPOS_S_CLOSED to JPOS_S_IDLE
2026-05-14 16:11:30,218 [   1079] [main]  DEBUG - ru.poscenter.jpos.scale.ScaleService - open: OK
2026-05-14 16:11:30,218 [   1079] [main]  DEBUG - ru.poscenter.jpos.scale.ScaleService - setPollEnabled(false)
2026-05-14 16:11:30,218 [   1079] [main]  DEBUG - ru.poscenter.jpos.scale.ScaleService - setPollEnabled: OK
2026-05-14 16:11:30,218 [   1079] [main]  DEBUG - ru.poscenter.jpos.scale.ScaleService - setPowerNotify(0)
2026-05-14 16:11:30,218 [   1079] [main]  DEBUG - ru.poscenter.jpos.scale.ScaleService - setPowerNotify: OK
2026-05-14 16:11:30,218 [   1079] [main]  DEBUG - ru.poscenter.jpos.scale.ScaleService - setDataEventEnabled(true)
2026-05-14 16:11:30,218 [   1079] [main]  DEBUG - ru.poscenter.jpos.scale.ScaleService - setDataEventEnabled: OK
2026-05-14 16:11:30,218 [   1079] [main]  DEBUG - ru.poscenter.jpos.scale.ScaleService - claim(0)
2026-05-14 16:11:30,218 [   1079] [main]  DEBUG - ru.poscenter.scale.ScaleSerial - setParam(OpenTimeout: 0)
2026-05-14 16:11:30,218 [   1079] [main]   INFO - ru.poscenter.jpos.scale.ScaleService - ChannelParams: minWeight=0g, maxWeight=0g
2026-05-14 16:11:30,218 [   1079] [ScaleEventThread]  DEBUG - ru.poscenter.jpos.scale.ScaleService - Event thread started
2026-05-14 16:11:30,219 [   1080] [main]   INFO - ru.poscenter.jpos.scale.ScaleService - ChannelParams details:
Флаги              : 0000
Десятичная точка   : 0
Степень            : 0
Тип канала         : < тензоканал >
Выборка массы тары : < нет >
Максимальный вес   : 0,000 кг
Минимальный вес    : 0,000 кг
Максимальная тара  : 0,000 кг
Количество градуировочных точек: 0
2026-05-14 16:11:30,219 [   1080] [main]  DEBUG - ru.poscenter.jpos.scale.ScaleService - null
Тип: 0.0, версия: 0.0
Модель: 0, язык: 0
2026-05-14 16:11:30,219 [   1080] [main]  DEBUG - ru.poscenter.jpos.scale.ScaleService - claim: OK, statistics initialized
2026-05-14 16:11:30,219 [   1080] [main]  DEBUG - ru.poscenter.jpos.scale.ScaleService - setDeviceEnabled(true)
2026-05-14 16:11:30,219 [   1080] [main]  DEBUG - ru.poscenter.jpos.scale.ScaleService - setDeviceEnabled: device enabled
2026-05-14 16:11:30,219 [   1080] [main]  DEBUG - ru.poscenter.jpos.scale.ScaleService - setDeviceEnabled: OK
2026-05-14 16:11:30,219 [   1080] [main]  DEBUG - ru.poscenter.jpos.scale.ScaleService - setAsyncMode(false)
2026-05-14 16:11:30,219 [   1080] [main]  DEBUG - ru.poscenter.jpos.scale.ScaleService - setAsyncMode: no change
2026-05-14 16:11:30,322 [   1183] [main]  DEBUG - ru.poscenter.jpos.scale.ScaleService - doPriceCalculating(timeout=1)
2026-05-14 16:11:30,338 [   1199] [main]  ERROR - ru.poscenter.jpos.scale.ScaleService - doPriceCalculating error: Timeout waiting for stable weight
2026-05-14 16:11:30,338 [   1199] [main]  DEBUG - ru.poscenter.jpos.scale.ScaleService - close()
2026-05-14 16:11:30,338 [   1199] [main]  DEBUG - ru.poscenter.jpos.scale.ScaleService - getDeviceEnabled
2026-05-14 16:11:30,338 [   1199] [main]  DEBUG - ru.poscenter.jpos.scale.ScaleService - getDeviceEnabled: true
2026-05-14 16:11:30,338 [   1199] [main]  DEBUG - ru.poscenter.jpos.scale.ScaleService - setDeviceEnabled(false)
2026-05-14 16:11:30,338 [   1199] [main]  DEBUG - ru.poscenter.jpos.scale.ScaleService - setDeviceEnabled: device disabled
2026-05-14 16:11:30,338 [   1199] [main]  DEBUG - ru.poscenter.jpos.scale.ScaleService - setDeviceEnabled: OK
2026-05-14 16:11:30,338 [   1199] [main]  DEBUG - ru.poscenter.jpos.scale.ScaleService - release()
2026-05-14 16:11:30,338 [   1199] [main]  DEBUG - ru.poscenter.jpos.scale.ScaleService - release: OK
2026-05-14 16:11:30,338 [   1199] [ScaleEventThread]  DEBUG - ru.poscenter.jpos.scale.ScaleService - Event thread interrupted
2026-05-14 16:11:30,338 [   1199] [ScaleEventThread]  DEBUG - ru.poscenter.jpos.scale.ScaleService - Event thread stopped
2026-05-14 16:11:30,338 [   1199] [main]  DEBUG - ru.poscenter.jpos.scale.ScaleService - Event thread stopped
2026-05-14 16:11:30,338 [   1199] [main]  DEBUG - ru.poscenter.jpos.scale.ScaleService - State changing from JPOS_S_IDLE to JPOS_S_CLOSED
2026-05-14 16:11:30,338 [   1199] [main]  DEBUG - ru.poscenter.jpos.scale.ScaleService - close: OK
2026-05-14 16:11:30,340 [   1201] [main]  DEBUG - ru.poscenter.jpos.scale.ScaleService - open(TestScale, ru.poscenter.jpos.scale.ScaleServiceTest$TestEventCallbacksWithHandler@dd05255)
2026-05-14 16:11:30,340 [   1201] [main]  DEBUG - ru.poscenter.jpos.scale.ScaleService - State changing from JPOS_S_CLOSED to JPOS_S_IDLE
2026-05-14 16:11:30,340 [   1201] [main]  DEBUG - ru.poscenter.jpos.scale.ScaleService - open: OK
2026-05-14 16:11:30,340 [   1201] [main]  DEBUG - ru.poscenter.jpos.scale.ScaleService - claim(0)
2026-05-14 16:11:30,340 [   1201] [main]  DEBUG - ru.poscenter.scale.ScaleSerial - setParam(OpenTimeout: 0)
2026-05-14 16:11:30,340 [   1201] [main]   INFO - ru.poscenter.jpos.scale.ScaleService - ChannelParams: minWeight=0g, maxWeight=0g
2026-05-14 16:11:30,340 [   1201] [ScaleEventThread]  DEBUG - ru.poscenter.jpos.scale.ScaleService - Event thread started
2026-05-14 16:11:30,341 [   1202] [main]   INFO - ru.poscenter.jpos.scale.ScaleService - ChannelParams details:
Флаги              : 0000
Десятичная точка   : 0
Степень            : 0
Тип канала         : < тензоканал >
Выборка массы тары : < нет >
Максимальный вес   : 0,000 кг
Минимальный вес    : 0,000 кг
Максимальная тара  : 0,000 кг
Количество градуировочных точек: 0
2026-05-14 16:11:30,341 [   1202] [main]  DEBUG - ru.poscenter.jpos.scale.ScaleService - null
Тип: 0.0, версия: 0.0
Модель: 0, язык: 0
2026-05-14 16:11:30,341 [   1202] [main]  DEBUG - ru.poscenter.jpos.scale.ScaleService - claim: OK, statistics initialized
2026-05-14 16:11:30,341 [   1202] [main]  DEBUG - ru.poscenter.jpos.scale.ScaleService - setZeroValid(true)
2026-05-14 16:11:30,341 [   1202] [main]  DEBUG - ru.poscenter.jpos.scale.ScaleService - setZeroValid: OK
2026-05-14 16:11:30,341 [   1202] [main]  DEBUG - ru.poscenter.jpos.scale.ScaleService - getZeroValid
2026-05-14 16:11:30,341 [   1202] [main]  DEBUG - ru.poscenter.jpos.scale.ScaleService - getZeroValid: true
2026-05-14 16:11:30,341 [   1202] [main]  DEBUG - ru.poscenter.jpos.scale.ScaleService - setZeroValid(false)
2026-05-14 16:11:30,341 [   1202] [main]  DEBUG - ru.poscenter.jpos.scale.ScaleService - setZeroValid: OK
2026-05-14 16:11:30,341 [   1202] [main]  DEBUG - ru.poscenter.jpos.scale.ScaleService - getZeroValid
2026-05-14 16:11:30,341 [   1202] [main]  DEBUG - ru.poscenter.jpos.scale.ScaleService - getZeroValid: false
2026-05-14 16:11:30,342 [   1203] [main]  DEBUG - ru.poscenter.jpos.scale.ScaleService - setDeviceEnabled(false)
2026-05-14 16:11:30,342 [   1203] [main]  DEBUG - ru.poscenter.jpos.scale.ScaleService - setDeviceEnabled: device disabled
2026-05-14 16:11:30,342 [   1203] [main]  DEBUG - ru.poscenter.jpos.scale.ScaleService - setDeviceEnabled: OK
2026-05-14 16:11:30,342 [   1203] [main]  DEBUG - ru.poscenter.jpos.scale.ScaleService - setStatusNotify(2)
2026-05-14 16:11:30,342 [   1203] [main]  DEBUG - ru.poscenter.jpos.scale.ScaleService - setStatusNotify: OK
2026-05-14 16:11:30,342 [   1203] [main]  DEBUG - ru.poscenter.jpos.scale.ScaleService - getStatusNotify
2026-05-14 16:11:30,342 [   1203] [main]  DEBUG - ru.poscenter.jpos.scale.ScaleService - getStatusNotify: 2
2026-05-14 16:11:30,342 [   1203] [main]  DEBUG - ru.poscenter.jpos.scale.ScaleService - setDataEventEnabled(true)
2026-05-14 16:11:30,342 [   1203] [main]  DEBUG - ru.poscenter.jpos.scale.ScaleService - setDataEventEnabled: OK
2026-05-14 16:11:30,342 [   1203] [main]  DEBUG - ru.poscenter.jpos.scale.ScaleService - getDataEventEnabled
2026-05-14 16:11:30,342 [   1203] [main]  DEBUG - ru.poscenter.jpos.scale.ScaleService - getDataEventEnabled: true
2026-05-14 16:11:30,342 [   1203] [main]  DEBUG - ru.poscenter.jpos.scale.ScaleService - setDataEventEnabled(false)
2026-05-14 16:11:30,342 [   1203] [main]  DEBUG - ru.poscenter.jpos.scale.ScaleService - setDataEventEnabled: OK
2026-05-14 16:11:30,342 [   1203] [main]  DEBUG - ru.poscenter.jpos.scale.ScaleService - getDataEventEnabled
2026-05-14 16:11:30,342 [   1203] [main]  DEBUG - ru.poscenter.jpos.scale.ScaleService - getDataEventEnabled: false
2026-05-14 16:11:30,342 [   1203] [main]  DEBUG - ru.poscenter.jpos.scale.ScaleService - setFreezeEvents(true)
2026-05-14 16:11:30,342 [   1203] [main]  DEBUG - ru.poscenter.jpos.scale.ScaleService - setFreezeEvents: OK
2026-05-14 16:11:30,342 [   1203] [main]  DEBUG - ru.poscenter.jpos.scale.ScaleService - getFreezeEvents
2026-05-14 16:11:30,342 [   1203] [main]  DEBUG - ru.poscenter.jpos.scale.ScaleService - getFreezeEvents: true
2026-05-14 16:11:30,343 [   1204] [main]  DEBUG - ru.poscenter.jpos.scale.ScaleService - setFreezeEvents(false)
2026-05-14 16:11:30,343 [   1204] [main]  DEBUG - ru.poscenter.jpos.scale.ScaleService - setFreezeEvents: OK
2026-05-14 16:11:30,343 [   1204] [main]  DEBUG - ru.poscenter.jpos.scale.ScaleService - getFreezeEvents
2026-05-14 16:11:30,343 [   1204] [main]  DEBUG - ru.poscenter.jpos.scale.ScaleService - getFreezeEvents: false
2026-05-14 16:11:30,343 [   1204] [main]  DEBUG - ru.poscenter.jpos.scale.ScaleService - setAsyncMode(true)
2026-05-14 16:11:30,343 [   1204] [main]  DEBUG - ru.poscenter.jpos.scale.ScaleService - Weight thread started
2026-05-14 16:11:30,343 [   1204] [main]  DEBUG - ru.poscenter.jpos.scale.ScaleService - setAsyncMode: OK
2026-05-14 16:11:30,343 [   1204] [main]  DEBUG - ru.poscenter.jpos.scale.ScaleService - getAsyncMode
2026-05-14 16:11:30,343 [   1204] [main]  DEBUG - ru.poscenter.jpos.scale.ScaleService - getAsyncMode: true
2026-05-14 16:11:30,343 [   1204] [main]  DEBUG - ru.poscenter.jpos.scale.ScaleService - setAsyncMode(false)
2026-05-14 16:11:30,343 [   1204] [ScaleWeightThread]  DEBUG - ru.poscenter.jpos.scale.ScaleService - Weight thread started
2026-05-14 16:11:30,343 [   1204] [ScaleWeightThread]  DEBUG - ru.poscenter.jpos.scale.ScaleService - Weight thread stopped
2026-05-14 16:11:30,343 [   1204] [main]  DEBUG - ru.poscenter.jpos.scale.ScaleService - Weight thread stopped
2026-05-14 16:11:30,343 [   1204] [main]  DEBUG - ru.poscenter.jpos.scale.ScaleService - setAsyncMode: OK
2026-05-14 16:11:30,344 [   1205] [main]  DEBUG - ru.poscenter.jpos.scale.ScaleService - getAsyncMode
2026-05-14 16:11:30,344 [   1205] [main]  DEBUG - ru.poscenter.jpos.scale.ScaleService - getAsyncMode: false
2026-05-14 16:11:30,344 [   1205] [main]  DEBUG - ru.poscenter.jpos.scale.ScaleService - setAutoDisable(true)
2026-05-14 16:11:30,344 [   1205] [main]  DEBUG - ru.poscenter.jpos.scale.ScaleService - setAutoDisable: OK
2026-05-14 16:11:30,344 [   1205] [main]  DEBUG - ru.poscenter.jpos.scale.ScaleService - getAutoDisable
2026-05-14 16:11:30,344 [   1205] [main]  DEBUG - ru.poscenter.jpos.scale.ScaleService - getAutoDisable: true
2026-05-14 16:11:30,344 [   1205] [main]  DEBUG - ru.poscenter.jpos.scale.ScaleService - setAutoDisable(false)
2026-05-14 16:11:30,344 [   1205] [main]  DEBUG - ru.poscenter.jpos.scale.ScaleService - setAutoDisable: OK
2026-05-14 16:11:30,344 [   1205] [main]  DEBUG - ru.poscenter.jpos.scale.ScaleService - getAutoDisable
2026-05-14 16:11:30,344 [   1205] [main]  DEBUG - ru.poscenter.jpos.scale.ScaleService - getAutoDisable: false
2026-05-14 16:11:30,344 [   1205] [main]  DEBUG - ru.poscenter.jpos.scale.ScaleService - close()
2026-05-14 16:11:30,344 [   1205] [main]  DEBUG - ru.poscenter.jpos.scale.ScaleService - getDeviceEnabled
2026-05-14 16:11:30,344 [   1205] [main]  DEBUG - ru.poscenter.jpos.scale.ScaleService - getDeviceEnabled: false
2026-05-14 16:11:30,344 [   1205] [main]  DEBUG - ru.poscenter.jpos.scale.ScaleService - release()
2026-05-14 16:11:30,344 [   1205] [main]  DEBUG - ru.poscenter.jpos.scale.ScaleService - release: OK
2026-05-14 16:11:30,344 [   1205] [ScaleEventThread]  DEBUG - ru.poscenter.jpos.scale.ScaleService - Event thread interrupted
2026-05-14 16:11:30,344 [   1205] [ScaleEventThread]  DEBUG - ru.poscenter.jpos.scale.ScaleService - Event thread stopped
2026-05-14 16:11:30,344 [   1205] [main]  DEBUG - ru.poscenter.jpos.scale.ScaleService - Event thread stopped
2026-05-14 16:11:30,344 [   1205] [main]  DEBUG - ru.poscenter.jpos.scale.ScaleService - State changing from JPOS_S_IDLE to JPOS_S_CLOSED
2026-05-14 16:11:30,344 [   1205] [main]  DEBUG - ru.poscenter.jpos.scale.ScaleService - close: OK
2026-05-14 16:11:30,346 [   1207] [main]  DEBUG - ru.poscenter.jpos.scale.ScaleService - open(TestScale, ru.poscenter.jpos.scale.ScaleServiceTest$TestEventCallbacksWithHandler@2f4948e4)
2026-05-14 16:11:30,346 [   1207] [main]  DEBUG - ru.poscenter.jpos.scale.ScaleService - State changing from JPOS_S_CLOSED to JPOS_S_IDLE
2026-05-14 16:11:30,347 [   1208] [main]  DEBUG - ru.poscenter.jpos.scale.ScaleService - open: OK
2026-05-14 16:11:30,347 [   1208] [main]  DEBUG - ru.poscenter.jpos.scale.ScaleService - setPollEnabled(false)
2026-05-14 16:11:30,347 [   1208] [main]  DEBUG - ru.poscenter.jpos.scale.ScaleService - setPollEnabled: OK
2026-05-14 16:11:30,347 [   1208] [main]  DEBUG - ru.poscenter.jpos.scale.ScaleService - setPowerNotify(0)
2026-05-14 16:11:30,347 [   1208] [main]  DEBUG - ru.poscenter.jpos.scale.ScaleService - setPowerNotify: OK
2026-05-14 16:11:30,347 [   1208] [ScaleEventThread]  DEBUG - ru.poscenter.jpos.scale.ScaleService - Event thread started
2026-05-14 16:11:30,347 [   1208] [main]  DEBUG - ru.poscenter.jpos.scale.ScaleService - setDataEventEnabled(true)
2026-05-14 16:11:30,347 [   1208] [main]  DEBUG - ru.poscenter.jpos.scale.ScaleService - setDataEventEnabled: OK
2026-05-14 16:11:30,347 [   1208] [main]  DEBUG - ru.poscenter.jpos.scale.ScaleService - claim(0)
2026-05-14 16:11:30,347 [   1208] [main]  DEBUG - ru.poscenter.scale.ScaleSerial - setParam(OpenTimeout: 0)
2026-05-14 16:11:30,347 [   1208] [main]   INFO - ru.poscenter.jpos.scale.ScaleService - ChannelParams: minWeight=0g, maxWeight=0g
2026-05-14 16:11:30,347 [   1208] [main]   INFO - ru.poscenter.jpos.scale.ScaleService - ChannelParams details:
Флаги              : 0000
Десятичная точка   : 0
Степень            : 0
Тип канала         : < тензоканал >
Выборка массы тары : < нет >
Максимальный вес   : 0,000 кг
Минимальный вес    : 0,000 кг
Максимальная тара  : 0,000 кг
Количество градуировочных точек: 0
2026-05-14 16:11:30,348 [   1209] [main]  DEBUG - ru.poscenter.jpos.scale.ScaleService - null
Тип: 0.0, версия: 0.0
Модель: 0, язык: 0
2026-05-14 16:11:30,348 [   1209] [main]  DEBUG - ru.poscenter.jpos.scale.ScaleService - claim: OK, statistics initialized
2026-05-14 16:11:30,348 [   1209] [main]  DEBUG - ru.poscenter.jpos.scale.ScaleService - setDeviceEnabled(true)
2026-05-14 16:11:30,348 [   1209] [main]  DEBUG - ru.poscenter.jpos.scale.ScaleService - setDeviceEnabled: device enabled
2026-05-14 16:11:30,348 [   1209] [main]  DEBUG - ru.poscenter.jpos.scale.ScaleService - setDeviceEnabled: OK
2026-05-14 16:11:30,348 [   1209] [main]  DEBUG - ru.poscenter.jpos.scale.ScaleService - setAsyncMode(false)
2026-05-14 16:11:30,348 [   1209] [main]  DEBUG - ru.poscenter.jpos.scale.ScaleService - setAsyncMode: no change
2026-05-14 16:11:30,463 [   1324] [main]  DEBUG - ru.poscenter.jpos.scale.ScaleService - setTareWeight(200)
2026-05-14 16:11:30,463 [   1324] [main]  DEBUG - ru.poscenter.jpos.scale.ScaleService - getCapTareWeight
2026-05-14 16:11:30,463 [   1324] [main]  DEBUG - ru.poscenter.jpos.scale.ScaleService - getCapTareWeight: true
2026-05-14 16:11:30,463 [   1324] [main]  DEBUG - ru.poscenter.jpos.scale.ScaleService - setTareWeight: OK
2026-05-14 16:11:30,463 [   1324] [main]  DEBUG - ru.poscenter.jpos.scale.ScaleService - readLiveWeightWithTare(timeout=3000)
2026-05-14 16:11:30,463 [   1324] [main]  DEBUG - ru.poscenter.jpos.scale.ScaleService - close()
2026-05-14 16:11:30,463 [   1324] [main]  DEBUG - ru.poscenter.jpos.scale.ScaleService - getDeviceEnabled
2026-05-14 16:11:30,464 [   1325] [main]  DEBUG - ru.poscenter.jpos.scale.ScaleService - getDeviceEnabled: true
2026-05-14 16:11:30,464 [   1325] [main]  DEBUG - ru.poscenter.jpos.scale.ScaleService - setDeviceEnabled(false)
2026-05-14 16:11:30,464 [   1325] [main]  DEBUG - ru.poscenter.jpos.scale.ScaleService - setDeviceEnabled: device disabled
2026-05-14 16:11:30,464 [   1325] [main]  DEBUG - ru.poscenter.jpos.scale.ScaleService - setDeviceEnabled: OK
2026-05-14 16:11:30,464 [   1325] [main]  DEBUG - ru.poscenter.jpos.scale.ScaleService - release()
2026-05-14 16:11:30,464 [   1325] [main]  DEBUG - ru.poscenter.jpos.scale.ScaleService - release: OK
2026-05-14 16:11:30,464 [   1325] [ScaleEventThread]  DEBUG - ru.poscenter.jpos.scale.ScaleService - Event thread interrupted
2026-05-14 16:11:30,464 [   1325] [ScaleEventThread]  DEBUG - ru.poscenter.jpos.scale.ScaleService - Event thread stopped
2026-05-14 16:11:30,464 [   1325] [main]  DEBUG - ru.poscenter.jpos.scale.ScaleService - Event thread stopped
2026-05-14 16:11:30,464 [   1325] [main]  DEBUG - ru.poscenter.jpos.scale.ScaleService - State changing from JPOS_S_IDLE to JPOS_S_CLOSED
2026-05-14 16:11:30,464 [   1325] [main]  DEBUG - ru.poscenter.jpos.scale.ScaleService - close: OK
2026-05-14 16:11:30,466 [   1327] [main]  DEBUG - ru.poscenter.jpos.scale.ScaleService - open(TestScale, ru.poscenter.jpos.scale.ScaleServiceTest$TestEventCallbacksWithHandler@10683d9d)
2026-05-14 16:11:30,466 [   1327] [main]  DEBUG - ru.poscenter.jpos.scale.ScaleService - State changing from JPOS_S_CLOSED to JPOS_S_IDLE
2026-05-14 16:11:30,466 [   1327] [main]  DEBUG - ru.poscenter.jpos.scale.ScaleService - open: OK
2026-05-14 16:11:30,466 [   1327] [main]  DEBUG - ru.poscenter.jpos.scale.ScaleService - setPollEnabled(false)
2026-05-14 16:11:30,466 [   1327] [main]  DEBUG - ru.poscenter.jpos.scale.ScaleService - setPollEnabled: OK
2026-05-14 16:11:30,466 [   1327] [main]  DEBUG - ru.poscenter.jpos.scale.ScaleService - setPowerNotify(0)
2026-05-14 16:11:30,466 [   1327] [main]  DEBUG - ru.poscenter.jpos.scale.ScaleService - setPowerNotify: OK
2026-05-14 16:11:30,466 [   1327] [ScaleEventThread]  DEBUG - ru.poscenter.jpos.scale.ScaleService - Event thread started
2026-05-14 16:11:30,466 [   1327] [main]  DEBUG - ru.poscenter.jpos.scale.ScaleService - setDataEventEnabled(true)
2026-05-14 16:11:30,466 [   1327] [main]  DEBUG - ru.poscenter.jpos.scale.ScaleService - setDataEventEnabled: OK
2026-05-14 16:11:30,466 [   1327] [main]  DEBUG - ru.poscenter.jpos.scale.ScaleService - claim(0)
2026-05-14 16:11:30,466 [   1327] [main]  DEBUG - ru.poscenter.scale.ScaleSerial - setParam(OpenTimeout: 0)
2026-05-14 16:11:30,466 [   1327] [main]   INFO - ru.poscenter.jpos.scale.ScaleService - ChannelParams: minWeight=0g, maxWeight=0g
2026-05-14 16:11:30,467 [   1328] [main]   INFO - ru.poscenter.jpos.scale.ScaleService - ChannelParams details:
Флаги              : 0000
Десятичная точка   : 0
Степень            : 0
Тип канала         : < тензоканал >
Выборка массы тары : < нет >
Максимальный вес   : 0,000 кг
Минимальный вес    : 0,000 кг
Максимальная тара  : 0,000 кг
Количество градуировочных точек: 0
2026-05-14 16:11:30,467 [   1328] [main]  DEBUG - ru.poscenter.jpos.scale.ScaleService - null
Тип: 0.0, версия: 0.0
Модель: 0, язык: 0
2026-05-14 16:11:30,467 [   1328] [main]  DEBUG - ru.poscenter.jpos.scale.ScaleService - claim: OK, statistics initialized
2026-05-14 16:11:30,467 [   1328] [main]  DEBUG - ru.poscenter.jpos.scale.ScaleService - setDeviceEnabled(true)
2026-05-14 16:11:30,467 [   1328] [main]  DEBUG - ru.poscenter.jpos.scale.ScaleService - setDeviceEnabled: device enabled
2026-05-14 16:11:30,467 [   1328] [main]  DEBUG - ru.poscenter.jpos.scale.ScaleService - setDeviceEnabled: OK
2026-05-14 16:11:30,467 [   1328] [main]  DEBUG - ru.poscenter.jpos.scale.ScaleService - setAsyncMode(true)
2026-05-14 16:11:30,467 [   1328] [main]  DEBUG - ru.poscenter.jpos.scale.ScaleService - Weight thread started
2026-05-14 16:11:30,467 [   1328] [main]  DEBUG - ru.poscenter.jpos.scale.ScaleService - setAsyncMode: OK
2026-05-14 16:11:30,468 [   1329] [ScaleWeightThread]  DEBUG - ru.poscenter.jpos.scale.ScaleService - Weight thread started
2026-05-14 16:11:30,573 [   1434] [main]  DEBUG - ru.poscenter.jpos.scale.ScaleService - readWeight(null, 2000)
2026-05-14 16:11:30,573 [   1434] [main]  DEBUG - ru.poscenter.jpos.scale.ScaleService - State changing from JPOS_S_IDLE to JPOS_S_BUSY
2026-05-14 16:11:30,574 [   1435] [ScaleWeightThread]  DEBUG - ru.poscenter.jpos.scale.ScaleService - Processing request #1069716895, timeout=2000, retry=0
2026-05-14 16:11:30,574 [   1435] [ScaleWeightThread]  DEBUG - ru.poscenter.jpos.scale.ScaleService - State changing from JPOS_S_BUSY to JPOS_S_IDLE
2026-05-14 16:11:30,574 [   1435] [ScaleWeightThread]  DEBUG - ru.poscenter.jpos.scale.ScaleService - Weight request processed, weight=500
2026-05-14 16:11:30,574 [   1435] [main]  DEBUG - ru.poscenter.jpos.scale.ScaleService - readWeight: async request queued
2026-05-14 16:11:30,589 [   1450] [ScaleEventThread]  DEBUG - ru.poscenter.jpos.scale.ScaleService - fireJposEvent: DataEvent
2026-05-14 16:11:30,589 [   1450] [main]  DEBUG - ru.poscenter.jpos.scale.ScaleService - clearInput()
2026-05-14 16:11:30,590 [   1451] [main]  DEBUG - ru.poscenter.jpos.scale.ScaleService - clearInput: OK
2026-05-14 16:11:30,591 [   1452] [main]  DEBUG - ru.poscenter.jpos.scale.ScaleService - getDataCount
2026-05-14 16:11:30,591 [   1452] [main]  DEBUG - ru.poscenter.jpos.scale.ScaleService - getDataCount: 0
2026-05-14 16:11:30,591 [   1452] [main]  DEBUG - ru.poscenter.jpos.scale.ScaleService - close()
2026-05-14 16:11:30,591 [   1452] [main]  DEBUG - ru.poscenter.jpos.scale.ScaleService - getDeviceEnabled
2026-05-14 16:11:30,591 [   1452] [main]  DEBUG - ru.poscenter.jpos.scale.ScaleService - getDeviceEnabled: true
2026-05-14 16:11:30,591 [   1452] [main]  DEBUG - ru.poscenter.jpos.scale.ScaleService - setDeviceEnabled(false)
2026-05-14 16:11:30,591 [   1452] [main]  DEBUG - ru.poscenter.jpos.scale.ScaleService - setAsyncMode(false)
2026-05-14 16:11:30,591 [   1452] [ScaleWeightThread]  DEBUG - ru.poscenter.jpos.scale.ScaleService - Weight thread interrupted
2026-05-14 16:11:30,591 [   1452] [ScaleWeightThread]  DEBUG - ru.poscenter.jpos.scale.ScaleService - Weight thread stopped
2026-05-14 16:11:30,591 [   1452] [main]  DEBUG - ru.poscenter.jpos.scale.ScaleService - Weight thread stopped
2026-05-14 16:11:30,591 [   1452] [main]  DEBUG - ru.poscenter.jpos.scale.ScaleService - setAsyncMode: OK
2026-05-14 16:11:30,592 [   1453] [main]  DEBUG - ru.poscenter.jpos.scale.ScaleService - setDeviceEnabled: device disabled
2026-05-14 16:11:30,592 [   1453] [main]  DEBUG - ru.poscenter.jpos.scale.ScaleService - setDeviceEnabled: OK
2026-05-14 16:11:30,592 [   1453] [main]  DEBUG - ru.poscenter.jpos.scale.ScaleService - release()
2026-05-14 16:11:30,592 [   1453] [main]  DEBUG - ru.poscenter.jpos.scale.ScaleService - release: OK
2026-05-14 16:11:30,592 [   1453] [ScaleEventThread]  DEBUG - ru.poscenter.jpos.scale.ScaleService - Event thread interrupted
2026-05-14 16:11:30,592 [   1453] [ScaleEventThread]  DEBUG - ru.poscenter.jpos.scale.ScaleService - Event thread stopped
2026-05-14 16:11:30,592 [   1453] [main]  DEBUG - ru.poscenter.jpos.scale.ScaleService - Event thread stopped
2026-05-14 16:11:30,592 [   1453] [main]  DEBUG - ru.poscenter.jpos.scale.ScaleService - State changing from JPOS_S_IDLE to JPOS_S_CLOSED
2026-05-14 16:11:30,592 [   1453] [main]  DEBUG - ru.poscenter.jpos.scale.ScaleService - close: OK
2026-05-14 16:11:30,593 [   1454] [main]  DEBUG - ru.poscenter.jpos.scale.ScaleService - open(TestScale, ru.poscenter.jpos.scale.ScaleServiceTest$TestEventCallbacksWithHandler@682b2fa)
2026-05-14 16:11:30,593 [   1454] [main]  DEBUG - ru.poscenter.jpos.scale.ScaleService - State changing from JPOS_S_CLOSED to JPOS_S_IDLE
2026-05-14 16:11:30,593 [   1454] [main]  DEBUG - ru.poscenter.jpos.scale.ScaleService - open: OK
2026-05-14 16:11:30,593 [   1454] [main]  DEBUG - ru.poscenter.jpos.scale.ScaleService - setPollEnabled(true)
2026-05-14 16:11:30,593 [   1454] [main]  DEBUG - ru.poscenter.jpos.scale.ScaleService - setPollEnabled: OK
2026-05-14 16:11:30,594 [   1455] [main]  DEBUG - ru.poscenter.jpos.scale.ScaleService - setPowerNotify(0)
2026-05-14 16:11:30,594 [   1455] [ScaleEventThread]  DEBUG - ru.poscenter.jpos.scale.ScaleService - Event thread started
2026-05-14 16:11:30,594 [   1455] [main]  DEBUG - ru.poscenter.jpos.scale.ScaleService - setPowerNotify: OK
2026-05-14 16:11:30,594 [   1455] [main]  DEBUG - ru.poscenter.jpos.scale.ScaleService - setDataEventEnabled(true)
2026-05-14 16:11:30,594 [   1455] [main]  DEBUG - ru.poscenter.jpos.scale.ScaleService - setDataEventEnabled: OK
2026-05-14 16:11:30,594 [   1455] [main]  DEBUG - ru.poscenter.jpos.scale.ScaleService - claim(0)
2026-05-14 16:11:30,594 [   1455] [main]  DEBUG - ru.poscenter.scale.ScaleSerial - setParam(OpenTimeout: 0)
2026-05-14 16:11:30,594 [   1455] [main]   INFO - ru.poscenter.jpos.scale.ScaleService - ChannelParams: minWeight=0g, maxWeight=0g
2026-05-14 16:11:30,594 [   1455] [main]   INFO - ru.poscenter.jpos.scale.ScaleService - ChannelParams details:
Флаги              : 0000
Десятичная точка   : 0
Степень            : 0
Тип канала         : < тензоканал >
Выборка массы тары : < нет >
Максимальный вес   : 0,000 кг
Минимальный вес    : 0,000 кг
Максимальная тара  : 0,000 кг
Количество градуировочных точек: 0
2026-05-14 16:11:30,594 [   1455] [main]  DEBUG - ru.poscenter.jpos.scale.ScaleService - null
Тип: 0.0, версия: 0.0
Модель: 0, язык: 0
2026-05-14 16:11:30,594 [   1455] [main]  DEBUG - ru.poscenter.jpos.scale.ScaleService - claim: OK, statistics initialized
2026-05-14 16:11:30,594 [   1455] [main]  DEBUG - ru.poscenter.jpos.scale.ScaleService - setDeviceEnabled(true)
2026-05-14 16:11:30,595 [   1456] [main]  DEBUG - ru.poscenter.jpos.scale.ScaleService - Poll thread started
2026-05-14 16:11:30,595 [   1456] [main]  DEBUG - ru.poscenter.jpos.scale.ScaleService - setDeviceEnabled: device enabled
2026-05-14 16:11:30,595 [   1456] [main]  DEBUG - ru.poscenter.jpos.scale.ScaleService - setDeviceEnabled: OK
2026-05-14 16:11:30,595 [   1456] [ScalePollThread]  DEBUG - ru.poscenter.jpos.scale.ScaleService - Poll thread started
2026-05-14 16:11:30,595 [   1456] [main]  DEBUG - ru.poscenter.jpos.scale.ScaleService - setAsyncMode(false)
2026-05-14 16:11:30,596 [   1457] [main]  DEBUG - ru.poscenter.jpos.scale.ScaleService - setAsyncMode: no change
2026-05-14 16:11:30,699 [   1560] [main]  DEBUG - ru.poscenter.jpos.scale.ScaleService - setDeviceEnabled(false)
2026-05-14 16:11:30,700 [   1561] [ScalePollThread]  DEBUG - ru.poscenter.jpos.scale.ScaleService - Poll thread interrupted
2026-05-14 16:11:30,700 [   1561] [ScalePollThread]  DEBUG - ru.poscenter.jpos.scale.ScaleService - Poll thread stopped
2026-05-14 16:11:30,700 [   1561] [main]  DEBUG - ru.poscenter.jpos.scale.ScaleService - Poll thread stopped
2026-05-14 16:11:30,700 [   1561] [main]  DEBUG - ru.poscenter.jpos.scale.ScaleService - setDeviceEnabled: device disabled
2026-05-14 16:11:30,700 [   1561] [main]  DEBUG - ru.poscenter.jpos.scale.ScaleService - setDeviceEnabled: OK
2026-05-14 16:11:30,700 [   1561] [main]  DEBUG - ru.poscenter.jpos.scale.ScaleService - setPowerNotify(0)
2026-05-14 16:11:30,700 [   1561] [main]  DEBUG - ru.poscenter.jpos.scale.ScaleService - setPowerNotify: OK
2026-05-14 16:11:30,700 [   1561] [main]  DEBUG - ru.poscenter.jpos.scale.ScaleService - setStatusNotify(1)
2026-05-14 16:11:30,700 [   1561] [main]  DEBUG - ru.poscenter.jpos.scale.ScaleService - setStatusNotify: OK
2026-05-14 16:11:30,700 [   1561] [main]  DEBUG - ru.poscenter.jpos.scale.ScaleService - setDeviceEnabled(true)
2026-05-14 16:11:30,700 [   1561] [main]  DEBUG - ru.poscenter.jpos.scale.ScaleService - Poll thread started
2026-05-14 16:11:30,700 [   1561] [main]  DEBUG - ru.poscenter.jpos.scale.ScaleService - setDeviceEnabled: device enabled
2026-05-14 16:11:30,700 [   1561] [main]  DEBUG - ru.poscenter.jpos.scale.ScaleService - setDeviceEnabled: OK
2026-05-14 16:11:30,700 [   1561] [ScalePollThread]  DEBUG - ru.poscenter.jpos.scale.ScaleService - Poll thread started
2026-05-14 16:11:31,204 [   2065] [main]  DEBUG - ru.poscenter.jpos.scale.ScaleService - close()
2026-05-14 16:11:31,205 [   2066] [main]  DEBUG - ru.poscenter.jpos.scale.ScaleService - getDeviceEnabled
2026-05-14 16:11:31,205 [   2066] [main]  DEBUG - ru.poscenter.jpos.scale.ScaleService - getDeviceEnabled: true
2026-05-14 16:11:31,205 [   2066] [main]  DEBUG - ru.poscenter.jpos.scale.ScaleService - setDeviceEnabled(false)
2026-05-14 16:11:31,205 [   2066] [ScalePollThread]  DEBUG - ru.poscenter.jpos.scale.ScaleService - Poll thread interrupted
2026-05-14 16:11:31,205 [   2066] [ScalePollThread]  DEBUG - ru.poscenter.jpos.scale.ScaleService - Poll thread stopped
2026-05-14 16:11:31,205 [   2066] [main]  DEBUG - ru.poscenter.jpos.scale.ScaleService - Poll thread stopped
2026-05-14 16:11:31,205 [   2066] [main]  DEBUG - ru.poscenter.jpos.scale.ScaleService - setDeviceEnabled: device disabled
2026-05-14 16:11:31,205 [   2066] [main]  DEBUG - ru.poscenter.jpos.scale.ScaleService - setDeviceEnabled: OK
2026-05-14 16:11:31,205 [   2066] [main]  DEBUG - ru.poscenter.jpos.scale.ScaleService - release()
2026-05-14 16:11:31,205 [   2066] [main]  DEBUG - ru.poscenter.jpos.scale.ScaleService - release: OK
2026-05-14 16:11:31,205 [   2066] [ScaleEventThread]  DEBUG - ru.poscenter.jpos.scale.ScaleService - Event thread interrupted
2026-05-14 16:11:31,205 [   2066] [ScaleEventThread]  DEBUG - ru.poscenter.jpos.scale.ScaleService - Event thread stopped
2026-05-14 16:11:31,205 [   2066] [main]  DEBUG - ru.poscenter.jpos.scale.ScaleService - Event thread stopped
2026-05-14 16:11:31,205 [   2066] [main]  DEBUG - ru.poscenter.jpos.scale.ScaleService - State changing from JPOS_S_IDLE to JPOS_S_CLOSED
2026-05-14 16:11:31,206 [   2067] [main]  DEBUG - ru.poscenter.jpos.scale.ScaleService - close: OK
2026-05-14 16:11:31,207 [   2068] [main]  DEBUG - ru.poscenter.jpos.scale.ScaleService - open(TestScale, ru.poscenter.jpos.scale.ScaleServiceTest$TestEventCallbacksWithHandler@7dcf94f8)
2026-05-14 16:11:31,207 [   2068] [main]  DEBUG - ru.poscenter.jpos.scale.ScaleService - State changing from JPOS_S_CLOSED to JPOS_S_IDLE
2026-05-14 16:11:31,207 [   2068] [main]  DEBUG - ru.poscenter.jpos.scale.ScaleService - open: OK
2026-05-14 16:11:31,207 [   2068] [main]  DEBUG - ru.poscenter.jpos.scale.ScaleService - getCapSpecialTare
2026-05-14 16:11:31,207 [   2068] [main]  DEBUG - ru.poscenter.jpos.scale.ScaleService - getCapSpecialTare: false
2026-05-14 16:11:31,207 [   2068] [main]  DEBUG - ru.poscenter.jpos.scale.ScaleService - close()
2026-05-14 16:11:31,207 [   2068] [main]  DEBUG - ru.poscenter.jpos.scale.ScaleService - getDeviceEnabled
2026-05-14 16:11:31,207 [   2068] [main]  DEBUG - ru.poscenter.jpos.scale.ScaleService - getDeviceEnabled: false
2026-05-14 16:11:31,208 [   2069] [ScaleEventThread]  DEBUG - ru.poscenter.jpos.scale.ScaleService - Event thread started
2026-05-14 16:11:31,208 [   2069] [ScaleEventThread]  DEBUG - ru.poscenter.jpos.scale.ScaleService - Event thread stopped
2026-05-14 16:11:31,208 [   2069] [main]  DEBUG - ru.poscenter.jpos.scale.ScaleService - Event thread stopped
2026-05-14 16:11:31,208 [   2069] [main]  DEBUG - ru.poscenter.jpos.scale.ScaleService - State changing from JPOS_S_IDLE to JPOS_S_CLOSED
2026-05-14 16:11:31,208 [   2069] [main]  DEBUG - ru.poscenter.jpos.scale.ScaleService - close: OK
2026-05-14 16:11:31,209 [   2070] [main]  DEBUG - ru.poscenter.jpos.scale.ScaleService - open(TestScale, ru.poscenter.jpos.scale.ScaleServiceTest$TestEventCallbacksWithHandler@31190526)
2026-05-14 16:11:31,210 [   2071] [main]  DEBUG - ru.poscenter.jpos.scale.ScaleService - State changing from JPOS_S_CLOSED to JPOS_S_IDLE
2026-05-14 16:11:31,210 [   2071] [main]  DEBUG - ru.poscenter.jpos.scale.ScaleService - open: OK
2026-05-14 16:11:31,210 [   2071] [main]  DEBUG - ru.poscenter.jpos.scale.ScaleService - setPollEnabled(false)
2026-05-14 16:11:31,210 [   2071] [main]  DEBUG - ru.poscenter.jpos.scale.ScaleService - setPollEnabled: OK
2026-05-14 16:11:31,210 [   2071] [main]  DEBUG - ru.poscenter.jpos.scale.ScaleService - setPowerNotify(0)
2026-05-14 16:11:31,210 [   2071] [main]  DEBUG - ru.poscenter.jpos.scale.ScaleService - setPowerNotify: OK
2026-05-14 16:11:31,210 [   2071] [main]  DEBUG - ru.poscenter.jpos.scale.ScaleService - setDataEventEnabled(true)
2026-05-14 16:11:31,210 [   2071] [main]  DEBUG - ru.poscenter.jpos.scale.ScaleService - setDataEventEnabled: OK
2026-05-14 16:11:31,210 [   2071] [main]  DEBUG - ru.poscenter.jpos.scale.ScaleService - claim(0)
2026-05-14 16:11:31,210 [   2071] [main]  DEBUG - ru.poscenter.scale.ScaleSerial - setParam(OpenTimeout: 0)
2026-05-14 16:11:31,210 [   2071] [main]   INFO - ru.poscenter.jpos.scale.ScaleService - ChannelParams: minWeight=0g, maxWeight=0g
2026-05-14 16:11:31,210 [   2071] [main]   INFO - ru.poscenter.jpos.scale.ScaleService - ChannelParams details:
Флаги              : 0000
Десятичная точка   : 0
Степень            : 0
Тип канала         : < тензоканал >
Выборка массы тары : < нет >
Максимальный вес   : 0,000 кг
Минимальный вес    : 0,000 кг
Максимальная тара  : 0,000 кг
Количество градуировочных точек: 0
2026-05-14 16:11:31,211 [   2072] [main]  DEBUG - ru.poscenter.jpos.scale.ScaleService - null
Тип: 0.0, версия: 0.0
Модель: 0, язык: 0
2026-05-14 16:11:31,211 [   2072] [main]  DEBUG - ru.poscenter.jpos.scale.ScaleService - claim: OK, statistics initialized
2026-05-14 16:11:31,211 [   2072] [main]  DEBUG - ru.poscenter.jpos.scale.ScaleService - setDeviceEnabled(true)
2026-05-14 16:11:31,211 [   2072] [main]  DEBUG - ru.poscenter.jpos.scale.ScaleService - setDeviceEnabled: device enabled
2026-05-14 16:11:31,211 [   2072] [main]  DEBUG - ru.poscenter.jpos.scale.ScaleService - setDeviceEnabled: OK
2026-05-14 16:11:31,211 [   2072] [main]  DEBUG - ru.poscenter.jpos.scale.ScaleService - setAsyncMode(false)
2026-05-14 16:11:31,211 [   2072] [main]  DEBUG - ru.poscenter.jpos.scale.ScaleService - setAsyncMode: no change
2026-05-14 16:11:31,211 [   2072] [ScaleEventThread]  DEBUG - ru.poscenter.jpos.scale.ScaleService - Event thread started
2026-05-14 16:11:31,314 [   2175] [main]  DEBUG - ru.poscenter.jpos.scale.ScaleService - resetStatistics()
2026-05-14 16:11:31,314 [   2175] [main]  DEBUG - ru.poscenter.jpos.scale.ScaleService - checkDisabled() JPOS_E_ILLEGAL
2026-05-14 16:11:31,315 [   2176] [main]  DEBUG - ru.poscenter.jpos.scale.ScaleService - open(TestScale, ru.poscenter.jpos.scale.ScaleServiceTest$TestEventCallbacksWithHandler@6743e411)
2026-05-14 16:11:31,316 [   2177] [main]  DEBUG - ru.poscenter.jpos.scale.ScaleService - State changing from JPOS_S_CLOSED to JPOS_S_IDLE
2026-05-14 16:11:31,316 [   2177] [main]  DEBUG - ru.poscenter.jpos.scale.ScaleService - open: OK
2026-05-14 16:11:31,316 [   2177] [main]  DEBUG - ru.poscenter.jpos.scale.ScaleService - setPollEnabled(false)
2026-05-14 16:11:31,316 [   2177] [main]  DEBUG - ru.poscenter.jpos.scale.ScaleService - setPollEnabled: OK
2026-05-14 16:11:31,316 [   2177] [main]  DEBUG - ru.poscenter.jpos.scale.ScaleService - setPowerNotify(0)
2026-05-14 16:11:31,316 [   2177] [main]  DEBUG - ru.poscenter.jpos.scale.ScaleService - setPowerNotify: OK
2026-05-14 16:11:31,316 [   2177] [main]  DEBUG - ru.poscenter.jpos.scale.ScaleService - setDataEventEnabled(true)
2026-05-14 16:11:31,316 [   2177] [main]  DEBUG - ru.poscenter.jpos.scale.ScaleService - setDataEventEnabled: OK
2026-05-14 16:11:31,316 [   2177] [main]  DEBUG - ru.poscenter.jpos.scale.ScaleService - claim(0)
2026-05-14 16:11:31,316 [   2177] [ScaleEventThread]  DEBUG - ru.poscenter.jpos.scale.ScaleService - Event thread started
2026-05-14 16:11:31,316 [   2177] [main]  DEBUG - ru.poscenter.scale.ScaleSerial - setParam(OpenTimeout: 0)
2026-05-14 16:11:31,316 [   2177] [main]   INFO - ru.poscenter.jpos.scale.ScaleService - ChannelParams: minWeight=0g, maxWeight=0g
2026-05-14 16:11:31,316 [   2177] [main]   INFO - ru.poscenter.jpos.scale.ScaleService - ChannelParams details:
Флаги              : 0000
Десятичная точка   : 0
Степень            : 0
Тип канала         : < тензоканал >
Выборка массы тары : < нет >
Максимальный вес   : 0,000 кг
Минимальный вес    : 0,000 кг
Максимальная тара  : 0,000 кг
Количество градуировочных точек: 0
2026-05-14 16:11:31,317 [   2178] [main]  DEBUG - ru.poscenter.jpos.scale.ScaleService - null
Тип: 0.0, версия: 0.0
Модель: 0, язык: 0
2026-05-14 16:11:31,317 [   2178] [main]  DEBUG - ru.poscenter.jpos.scale.ScaleService - claim: OK, statistics initialized
2026-05-14 16:11:31,317 [   2178] [main]  DEBUG - ru.poscenter.jpos.scale.ScaleService - setDeviceEnabled(true)
2026-05-14 16:11:31,317 [   2178] [main]  DEBUG - ru.poscenter.jpos.scale.ScaleService - setDeviceEnabled: device enabled
2026-05-14 16:11:31,317 [   2178] [main]  DEBUG - ru.poscenter.jpos.scale.ScaleService - setDeviceEnabled: OK
2026-05-14 16:11:31,317 [   2178] [main]  DEBUG - ru.poscenter.jpos.scale.ScaleService - setAsyncMode(false)
2026-05-14 16:11:31,317 [   2178] [main]  DEBUG - ru.poscenter.jpos.scale.ScaleService - setAsyncMode: no change
2026-05-14 16:11:31,423 [   2284] [main]  DEBUG - ru.poscenter.jpos.scale.ScaleService - setTarePrioity(priority=999)
2026-05-14 16:11:31,423 [   2284] [main]  DEBUG - ru.poscenter.jpos.scale.ScaleService - close()
2026-05-14 16:11:31,423 [   2284] [main]  DEBUG - ru.poscenter.jpos.scale.ScaleService - getDeviceEnabled
2026-05-14 16:11:31,423 [   2284] [main]  DEBUG - ru.poscenter.jpos.scale.ScaleService - getDeviceEnabled: true
2026-05-14 16:11:31,423 [   2284] [main]  DEBUG - ru.poscenter.jpos.scale.ScaleService - setDeviceEnabled(false)
2026-05-14 16:11:31,423 [   2284] [main]  DEBUG - ru.poscenter.jpos.scale.ScaleService - setDeviceEnabled: device disabled
2026-05-14 16:11:31,423 [   2284] [main]  DEBUG - ru.poscenter.jpos.scale.ScaleService - setDeviceEnabled: OK
2026-05-14 16:11:31,423 [   2284] [main]  DEBUG - ru.poscenter.jpos.scale.ScaleService - release()
2026-05-14 16:11:31,423 [   2284] [main]  DEBUG - ru.poscenter.jpos.scale.ScaleService - release: OK
2026-05-14 16:11:31,424 [   2285] [ScaleEventThread]  DEBUG - ru.poscenter.jpos.scale.ScaleService - Event thread interrupted
2026-05-14 16:11:31,424 [   2285] [ScaleEventThread]  DEBUG - ru.poscenter.jpos.scale.ScaleService - Event thread stopped
2026-05-14 16:11:31,424 [   2285] [main]  DEBUG - ru.poscenter.jpos.scale.ScaleService - Event thread stopped
2026-05-14 16:11:31,424 [   2285] [main]  DEBUG - ru.poscenter.jpos.scale.ScaleService - State changing from JPOS_S_IDLE to JPOS_S_CLOSED
2026-05-14 16:11:31,424 [   2285] [main]  DEBUG - ru.poscenter.jpos.scale.ScaleService - close: OK
2026-05-14 16:11:31,424 [   2285] [main]  DEBUG - ru.poscenter.jpos.scale.ScaleService - open(TestScale, ru.poscenter.jpos.scale.ScaleServiceTest$TestEventCallbacksWithHandler@477b4cdf)
2026-05-14 16:11:31,426 [   2287] [main]  DEBUG - ru.poscenter.jpos.scale.ScaleService - State changing from JPOS_S_CLOSED to JPOS_S_IDLE
2026-05-14 16:11:31,426 [   2287] [main]  DEBUG - ru.poscenter.jpos.scale.ScaleService - open: OK
2026-05-14 16:11:31,426 [   2287] [main]  DEBUG - ru.poscenter.jpos.scale.ScaleService - setPollEnabled(true)
2026-05-14 16:11:31,426 [   2287] [main]  DEBUG - ru.poscenter.jpos.scale.ScaleService - setPollEnabled: OK
2026-05-14 16:11:31,426 [   2287] [main]  DEBUG - ru.poscenter.jpos.scale.ScaleService - setPowerNotify(0)
2026-05-14 16:11:31,426 [   2287] [main]  DEBUG - ru.poscenter.jpos.scale.ScaleService - setPowerNotify: OK
2026-05-14 16:11:31,426 [   2287] [ScaleEventThread]  DEBUG - ru.poscenter.jpos.scale.ScaleService - Event thread started
2026-05-14 16:11:31,426 [   2287] [main]  DEBUG - ru.poscenter.jpos.scale.ScaleService - setDataEventEnabled(true)
2026-05-14 16:11:31,426 [   2287] [main]  DEBUG - ru.poscenter.jpos.scale.ScaleService - setDataEventEnabled: OK
2026-05-14 16:11:31,426 [   2287] [main]  DEBUG - ru.poscenter.jpos.scale.ScaleService - claim(0)
2026-05-14 16:11:31,426 [   2287] [main]  DEBUG - ru.poscenter.scale.ScaleSerial - setParam(OpenTimeout: 0)
2026-05-14 16:11:31,426 [   2287] [main]   INFO - ru.poscenter.jpos.scale.ScaleService - ChannelParams: minWeight=0g, maxWeight=0g
2026-05-14 16:11:31,427 [   2288] [main]   INFO - ru.poscenter.jpos.scale.ScaleService - ChannelParams details:
Флаги              : 0000
Десятичная точка   : 0
Степень            : 0
Тип канала         : < тензоканал >
Выборка массы тары : < нет >
Максимальный вес   : 0,000 кг
Минимальный вес    : 0,000 кг
Максимальная тара  : 0,000 кг
Количество градуировочных точек: 0
2026-05-14 16:11:31,427 [   2288] [main]  DEBUG - ru.poscenter.jpos.scale.ScaleService - null
Тип: 0.0, версия: 0.0
Модель: 0, язык: 0
2026-05-14 16:11:31,427 [   2288] [main]  DEBUG - ru.poscenter.jpos.scale.ScaleService - claim: OK, statistics initialized
2026-05-14 16:11:31,427 [   2288] [main]  DEBUG - ru.poscenter.jpos.scale.ScaleService - setDeviceEnabled(true)
2026-05-14 16:11:31,427 [   2288] [main]  DEBUG - ru.poscenter.jpos.scale.ScaleService - Poll thread started
2026-05-14 16:11:31,427 [   2288] [main]  DEBUG - ru.poscenter.jpos.scale.ScaleService - setDeviceEnabled: device enabled
2026-05-14 16:11:31,427 [   2288] [main]  DEBUG - ru.poscenter.jpos.scale.ScaleService - setDeviceEnabled: OK
2026-05-14 16:11:31,427 [   2288] [main]  DEBUG - ru.poscenter.jpos.scale.ScaleService - setAsyncMode(false)
2026-05-14 16:11:31,427 [   2288] [main]  DEBUG - ru.poscenter.jpos.scale.ScaleService - setAsyncMode: no change
2026-05-14 16:11:31,427 [   2288] [ScalePollThread]  DEBUG - ru.poscenter.jpos.scale.ScaleService - Poll thread started
2026-05-14 16:11:31,533 [   2394] [main]  DEBUG - ru.poscenter.jpos.scale.ScaleService - setDeviceEnabled(false)
2026-05-14 16:11:31,533 [   2394] [ScalePollThread]  DEBUG - ru.poscenter.jpos.scale.ScaleService - Poll thread interrupted
2026-05-14 16:11:31,533 [   2394] [ScalePollThread]  DEBUG - ru.poscenter.jpos.scale.ScaleService - Poll thread stopped
2026-05-14 16:11:31,533 [   2394] [main]  DEBUG - ru.poscenter.jpos.scale.ScaleService - Poll thread stopped
2026-05-14 16:11:31,534 [   2395] [main]  DEBUG - ru.poscenter.jpos.scale.ScaleService - setDeviceEnabled: device disabled
2026-05-14 16:11:31,534 [   2395] [main]  DEBUG - ru.poscenter.jpos.scale.ScaleService - setDeviceEnabled: OK
2026-05-14 16:11:31,534 [   2395] [main]  DEBUG - ru.poscenter.jpos.scale.ScaleService - setPowerNotify(0)
2026-05-14 16:11:31,534 [   2395] [main]  DEBUG - ru.poscenter.jpos.scale.ScaleService - setPowerNotify: OK
2026-05-14 16:11:31,534 [   2395] [main]  DEBUG - ru.poscenter.jpos.scale.ScaleService - setStatusNotify(2)
2026-05-14 16:11:31,534 [   2395] [main]  DEBUG - ru.poscenter.jpos.scale.ScaleService - setStatusNotify: OK
2026-05-14 16:11:31,534 [   2395] [main]  DEBUG - ru.poscenter.jpos.scale.ScaleService - setDeviceEnabled(true)
2026-05-14 16:11:31,534 [   2395] [main]  DEBUG - ru.poscenter.jpos.scale.ScaleService - Poll thread started
2026-05-14 16:11:31,535 [   2396] [main]  DEBUG - ru.poscenter.jpos.scale.ScaleService - setDeviceEnabled: device enabled
2026-05-14 16:11:31,535 [   2396] [main]  DEBUG - ru.poscenter.jpos.scale.ScaleService - setDeviceEnabled: OK
2026-05-14 16:11:31,535 [   2396] [ScalePollThread]  DEBUG - ru.poscenter.jpos.scale.ScaleService - Poll thread started
2026-05-14 16:11:31,548 [   2409] [ScaleEventThread]  DEBUG - ru.poscenter.jpos.scale.ScaleService - fireJposEvent: StatusUpdateEvent
2026-05-14 16:11:31,658 [   2519] [ScaleEventThread]  DEBUG - ru.poscenter.jpos.scale.ScaleService - fireJposEvent: StatusUpdateEvent
2026-05-14 16:11:31,658 [   2519] [main]  DEBUG - ru.poscenter.jpos.scale.ScaleService - close()
2026-05-14 16:11:31,658 [   2519] [main]  DEBUG - ru.poscenter.jpos.scale.ScaleService - getDeviceEnabled
2026-05-14 16:11:31,658 [   2519] [main]  DEBUG - ru.poscenter.jpos.scale.ScaleService - getDeviceEnabled: true
2026-05-14 16:11:31,658 [   2519] [main]  DEBUG - ru.poscenter.jpos.scale.ScaleService - setDeviceEnabled(false)
2026-05-14 16:11:31,658 [   2519] [ScalePollThread]  DEBUG - ru.poscenter.jpos.scale.ScaleService - Poll thread interrupted
2026-05-14 16:11:31,659 [   2520] [ScalePollThread]  DEBUG - ru.poscenter.jpos.scale.ScaleService - Poll thread stopped
2026-05-14 16:11:31,659 [   2520] [main]  DEBUG - ru.poscenter.jpos.scale.ScaleService - Poll thread stopped
2026-05-14 16:11:31,659 [   2520] [main]  DEBUG - ru.poscenter.jpos.scale.ScaleService - setDeviceEnabled: device disabled
2026-05-14 16:11:31,659 [   2520] [main]  DEBUG - ru.poscenter.jpos.scale.ScaleService - setDeviceEnabled: OK
2026-05-14 16:11:31,659 [   2520] [main]  DEBUG - ru.poscenter.jpos.scale.ScaleService - release()
2026-05-14 16:11:31,659 [   2520] [main]  DEBUG - ru.poscenter.jpos.scale.ScaleService - release: OK
2026-05-14 16:11:31,659 [   2520] [ScaleEventThread]  DEBUG - ru.poscenter.jpos.scale.ScaleService - Event thread interrupted
2026-05-14 16:11:31,659 [   2520] [ScaleEventThread]  DEBUG - ru.poscenter.jpos.scale.ScaleService - Event thread stopped
2026-05-14 16:11:31,659 [   2520] [main]  DEBUG - ru.poscenter.jpos.scale.ScaleService - Event thread stopped
2026-05-14 16:11:31,659 [   2520] [main]  DEBUG - ru.poscenter.jpos.scale.ScaleService - State changing from JPOS_S_IDLE to JPOS_S_CLOSED
2026-05-14 16:11:31,659 [   2520] [main]  DEBUG - ru.poscenter.jpos.scale.ScaleService - close: OK
2026-05-14 16:11:31,661 [   2522] [main]  DEBUG - ru.poscenter.jpos.scale.ScaleService - open(TestScale, ru.poscenter.jpos.scale.ScaleServiceTest$TestEventCallbacksWithHandler@f5958c9)
2026-05-14 16:11:31,661 [   2522] [main]  DEBUG - ru.poscenter.jpos.scale.ScaleService - State changing from JPOS_S_CLOSED to JPOS_S_IDLE
2026-05-14 16:11:31,661 [   2522] [main]  DEBUG - ru.poscenter.jpos.scale.ScaleService - open: OK
2026-05-14 16:11:31,661 [   2522] [main]  DEBUG - ru.poscenter.jpos.scale.ScaleService - setPollEnabled(false)
2026-05-14 16:11:31,661 [   2522] [main]  DEBUG - ru.poscenter.jpos.scale.ScaleService - setPollEnabled: OK
2026-05-14 16:11:31,661 [   2522] [main]  DEBUG - ru.poscenter.jpos.scale.ScaleService - setPowerNotify(0)
2026-05-14 16:11:31,661 [   2522] [main]  DEBUG - ru.poscenter.jpos.scale.ScaleService - setPowerNotify: OK
2026-05-14 16:11:31,661 [   2522] [main]  DEBUG - ru.poscenter.jpos.scale.ScaleService - setDataEventEnabled(true)
2026-05-14 16:11:31,661 [   2522] [main]  DEBUG - ru.poscenter.jpos.scale.ScaleService - setDataEventEnabled: OK
2026-05-14 16:11:31,662 [   2523] [main]  DEBUG - ru.poscenter.jpos.scale.ScaleService - claim(0)
2026-05-14 16:11:31,662 [   2523] [main]  DEBUG - ru.poscenter.scale.ScaleSerial - setParam(OpenTimeout: 0)
2026-05-14 16:11:31,662 [   2523] [main]   INFO - ru.poscenter.jpos.scale.ScaleService - ChannelParams: minWeight=0g, maxWeight=0g
2026-05-14 16:11:31,662 [   2523] [ScaleEventThread]  DEBUG - ru.poscenter.jpos.scale.ScaleService - Event thread started
2026-05-14 16:11:31,662 [   2523] [main]   INFO - ru.poscenter.jpos.scale.ScaleService - ChannelParams details:
Флаги              : 0000
Десятичная точка   : 0
Степень            : 0
Тип канала         : < тензоканал >
Выборка массы тары : < нет >
Максимальный вес   : 0,000 кг
Минимальный вес    : 0,000 кг
Максимальная тара  : 0,000 кг
Количество градуировочных точек: 0
2026-05-14 16:11:31,662 [   2523] [main]  DEBUG - ru.poscenter.jpos.scale.ScaleService - null
Тип: 0.0, версия: 0.0
Модель: 0, язык: 0
2026-05-14 16:11:31,662 [   2523] [main]  DEBUG - ru.poscenter.jpos.scale.ScaleService - claim: OK, statistics initialized
2026-05-14 16:11:31,662 [   2523] [main]  DEBUG - ru.poscenter.jpos.scale.ScaleService - setDeviceEnabled(true)
2026-05-14 16:11:31,662 [   2523] [main]  DEBUG - ru.poscenter.jpos.scale.ScaleService - setDeviceEnabled: device enabled
2026-05-14 16:11:31,662 [   2523] [main]  DEBUG - ru.poscenter.jpos.scale.ScaleService - setDeviceEnabled: OK
2026-05-14 16:11:31,662 [   2523] [main]  DEBUG - ru.poscenter.jpos.scale.ScaleService - setAsyncMode(true)
2026-05-14 16:11:31,662 [   2523] [main]  DEBUG - ru.poscenter.jpos.scale.ScaleService - Weight thread started
2026-05-14 16:11:31,663 [   2524] [main]  DEBUG - ru.poscenter.jpos.scale.ScaleService - setAsyncMode: OK
2026-05-14 16:11:31,663 [   2524] [ScaleWeightThread]  DEBUG - ru.poscenter.jpos.scale.ScaleService - Weight thread started
2026-05-14 16:11:31,770 [   2631] [main]  DEBUG - ru.poscenter.jpos.scale.ScaleService - setTareWeight(200)
2026-05-14 16:11:31,770 [   2631] [main]  DEBUG - ru.poscenter.jpos.scale.ScaleService - getCapTareWeight
2026-05-14 16:11:31,770 [   2631] [main]  DEBUG - ru.poscenter.jpos.scale.ScaleService - getCapTareWeight: true
2026-05-14 16:11:31,770 [   2631] [main]  DEBUG - ru.poscenter.jpos.scale.ScaleService - setTareWeight: OK
2026-05-14 16:11:31,770 [   2631] [main]  DEBUG - ru.poscenter.jpos.scale.ScaleService - readLiveWeightWithTare(timeout=3000)
2026-05-14 16:11:31,770 [   2631] [main]  DEBUG - ru.poscenter.jpos.scale.ScaleService - close()
2026-05-14 16:11:31,770 [   2631] [main]  DEBUG - ru.poscenter.jpos.scale.ScaleService - getDeviceEnabled
2026-05-14 16:11:31,770 [   2631] [main]  DEBUG - ru.poscenter.jpos.scale.ScaleService - getDeviceEnabled: true
2026-05-14 16:11:31,770 [   2631] [main]  DEBUG - ru.poscenter.jpos.scale.ScaleService - setDeviceEnabled(false)
2026-05-14 16:11:31,770 [   2631] [main]  DEBUG - ru.poscenter.jpos.scale.ScaleService - setAsyncMode(false)
2026-05-14 16:11:31,770 [   2631] [ScaleWeightThread]  DEBUG - ru.poscenter.jpos.scale.ScaleService - Weight thread interrupted
2026-05-14 16:11:31,770 [   2631] [ScaleWeightThread]  DEBUG - ru.poscenter.jpos.scale.ScaleService - Weight thread stopped
2026-05-14 16:11:31,770 [   2631] [main]  DEBUG - ru.poscenter.jpos.scale.ScaleService - Weight thread stopped
2026-05-14 16:11:31,771 [   2632] [main]  DEBUG - ru.poscenter.jpos.scale.ScaleService - setAsyncMode: OK
2026-05-14 16:11:31,771 [   2632] [main]  DEBUG - ru.poscenter.jpos.scale.ScaleService - setDeviceEnabled: device disabled
2026-05-14 16:11:31,771 [   2632] [main]  DEBUG - ru.poscenter.jpos.scale.ScaleService - setDeviceEnabled: OK
2026-05-14 16:11:31,771 [   2632] [main]  DEBUG - ru.poscenter.jpos.scale.ScaleService - release()
2026-05-14 16:11:31,771 [   2632] [main]  DEBUG - ru.poscenter.jpos.scale.ScaleService - release: OK
2026-05-14 16:11:31,771 [   2632] [ScaleEventThread]  DEBUG - ru.poscenter.jpos.scale.ScaleService - Event thread interrupted
2026-05-14 16:11:31,771 [   2632] [ScaleEventThread]  DEBUG - ru.poscenter.jpos.scale.ScaleService - Event thread stopped
2026-05-14 16:11:31,771 [   2632] [main]  DEBUG - ru.poscenter.jpos.scale.ScaleService - Event thread stopped
2026-05-14 16:11:31,771 [   2632] [main]  DEBUG - ru.poscenter.jpos.scale.ScaleService - State changing from JPOS_S_IDLE to JPOS_S_CLOSED
2026-05-14 16:11:31,771 [   2632] [main]  DEBUG - ru.poscenter.jpos.scale.ScaleService - close: OK
2026-05-14 16:11:31,772 [   2633] [main]  DEBUG - ru.poscenter.jpos.scale.ScaleService - open(TestScale, ru.poscenter.jpos.scale.ScaleServiceTest$TestEventCallbacksWithHandler@3eb738bb)
2026-05-14 16:11:31,772 [   2633] [main]  DEBUG - ru.poscenter.jpos.scale.ScaleService - State changing from JPOS_S_CLOSED to JPOS_S_IDLE
2026-05-14 16:11:31,773 [   2634] [main]  DEBUG - ru.poscenter.jpos.scale.ScaleService - open: OK
2026-05-14 16:11:31,773 [   2634] [main]  DEBUG - ru.poscenter.jpos.scale.ScaleService - setPollEnabled(false)
2026-05-14 16:11:31,773 [   2634] [main]  DEBUG - ru.poscenter.jpos.scale.ScaleService - setPollEnabled: OK
2026-05-14 16:11:31,773 [   2634] [main]  DEBUG - ru.poscenter.jpos.scale.ScaleService - setPowerNotify(0)
2026-05-14 16:11:31,773 [   2634] [main]  DEBUG - ru.poscenter.jpos.scale.ScaleService - setPowerNotify: OK
2026-05-14 16:11:31,773 [   2634] [main]  DEBUG - ru.poscenter.jpos.scale.ScaleService - setDataEventEnabled(true)
2026-05-14 16:11:31,773 [   2634] [main]  DEBUG - ru.poscenter.jpos.scale.ScaleService - setDataEventEnabled: OK
2026-05-14 16:11:31,773 [   2634] [main]  DEBUG - ru.poscenter.jpos.scale.ScaleService - claim(0)
2026-05-14 16:11:31,773 [   2634] [main]  DEBUG - ru.poscenter.scale.ScaleSerial - setParam(OpenTimeout: 0)
2026-05-14 16:11:31,773 [   2634] [main]   INFO - ru.poscenter.jpos.scale.ScaleService - ChannelParams: minWeight=0g, maxWeight=0g
2026-05-14 16:11:31,773 [   2634] [ScaleEventThread]  DEBUG - ru.poscenter.jpos.scale.ScaleService - Event thread started
2026-05-14 16:11:31,773 [   2634] [main]   INFO - ru.poscenter.jpos.scale.ScaleService - ChannelParams details:
Флаги              : 0000
Десятичная точка   : 0
Степень            : 0
Тип канала         : < тензоканал >
Выборка массы тары : < нет >
Максимальный вес   : 0,000 кг
Минимальный вес    : 0,000 кг
Максимальная тара  : 0,000 кг
Количество градуировочных точек: 0
2026-05-14 16:11:31,773 [   2634] [main]  DEBUG - ru.poscenter.jpos.scale.ScaleService - null
Тип: 0.0, версия: 0.0
Модель: 0, язык: 0
2026-05-14 16:11:31,773 [   2634] [main]  DEBUG - ru.poscenter.jpos.scale.ScaleService - claim: OK, statistics initialized
2026-05-14 16:11:31,774 [   2635] [main]  DEBUG - ru.poscenter.jpos.scale.ScaleService - setDeviceEnabled(true)
2026-05-14 16:11:31,774 [   2635] [main]  DEBUG - ru.poscenter.jpos.scale.ScaleService - setDeviceEnabled: device enabled
2026-05-14 16:11:31,774 [   2635] [main]  DEBUG - ru.poscenter.jpos.scale.ScaleService - setDeviceEnabled: OK
2026-05-14 16:11:31,774 [   2635] [main]  DEBUG - ru.poscenter.jpos.scale.ScaleService - setAsyncMode(false)
2026-05-14 16:11:31,774 [   2635] [main]  DEBUG - ru.poscenter.jpos.scale.ScaleService - setAsyncMode: no change
2026-05-14 16:11:31,881 [   2742] [main]  DEBUG - ru.poscenter.jpos.scale.ScaleService - doPriceCalculating(timeout=3000)
2026-05-14 16:11:31,881 [   2742] [main]  ERROR - ru.poscenter.jpos.scale.ScaleService - doPriceCalculating error: Weight exceeds maximum
2026-05-14 16:11:31,881 [   2742] [main]  DEBUG - ru.poscenter.jpos.scale.ScaleService - close()
2026-05-14 16:11:31,881 [   2742] [main]  DEBUG - ru.poscenter.jpos.scale.ScaleService - getDeviceEnabled
2026-05-14 16:11:31,881 [   2742] [main]  DEBUG - ru.poscenter.jpos.scale.ScaleService - getDeviceEnabled: true
2026-05-14 16:11:31,881 [   2742] [main]  DEBUG - ru.poscenter.jpos.scale.ScaleService - setDeviceEnabled(false)
2026-05-14 16:11:31,881 [   2742] [main]  DEBUG - ru.poscenter.jpos.scale.ScaleService - setDeviceEnabled: device disabled
2026-05-14 16:11:31,881 [   2742] [main]  DEBUG - ru.poscenter.jpos.scale.ScaleService - setDeviceEnabled: OK
2026-05-14 16:11:31,881 [   2742] [main]  DEBUG - ru.poscenter.jpos.scale.ScaleService - release()
2026-05-14 16:11:31,881 [   2742] [main]  DEBUG - ru.poscenter.jpos.scale.ScaleService - release: OK
2026-05-14 16:11:31,881 [   2742] [ScaleEventThread]  DEBUG - ru.poscenter.jpos.scale.ScaleService - Event thread interrupted
2026-05-14 16:11:31,882 [   2743] [ScaleEventThread]  DEBUG - ru.poscenter.jpos.scale.ScaleService - Event thread stopped
2026-05-14 16:11:31,882 [   2743] [main]  DEBUG - ru.poscenter.jpos.scale.ScaleService - Event thread stopped
2026-05-14 16:11:31,882 [   2743] [main]  DEBUG - ru.poscenter.jpos.scale.ScaleService - State changing from JPOS_S_IDLE to JPOS_S_CLOSED
2026-05-14 16:11:31,882 [   2743] [main]  DEBUG - ru.poscenter.jpos.scale.ScaleService - close: OK
2026-05-14 16:11:31,884 [   2745] [main]  DEBUG - ru.poscenter.jpos.scale.ScaleService - open(TestScale, ru.poscenter.jpos.scale.ScaleServiceTest$TestEventCallbacksWithHandler@6f03482)
2026-05-14 16:11:31,884 [   2745] [main]  DEBUG - ru.poscenter.jpos.scale.ScaleService - State changing from JPOS_S_CLOSED to JPOS_S_IDLE
2026-05-14 16:11:31,884 [   2745] [main]  DEBUG - ru.poscenter.jpos.scale.ScaleService - open: OK
2026-05-14 16:11:31,884 [   2745] [main]  DEBUG - ru.poscenter.jpos.scale.ScaleService - claim(0)
2026-05-14 16:11:31,884 [   2745] [main]  DEBUG - ru.poscenter.scale.ScaleSerial - setParam(OpenTimeout: 0)
2026-05-14 16:11:31,884 [   2745] [main]   INFO - ru.poscenter.jpos.scale.ScaleService - ChannelParams: minWeight=0g, maxWeight=0g
2026-05-14 16:11:31,884 [   2745] [ScaleEventThread]  DEBUG - ru.poscenter.jpos.scale.ScaleService - Event thread started
2026-05-14 16:11:31,885 [   2746] [main]   INFO - ru.poscenter.jpos.scale.ScaleService - ChannelParams details:
Флаги              : 0000
Десятичная точка   : 0
Степень            : 0
Тип канала         : < тензоканал >
Выборка массы тары : < нет >
Максимальный вес   : 0,000 кг
Минимальный вес    : 0,000 кг
Максимальная тара  : 0,000 кг
Количество градуировочных точек: 0
2026-05-14 16:11:31,885 [   2746] [main]  DEBUG - ru.poscenter.jpos.scale.ScaleService - null
Тип: 0.0, версия: 0.0
Модель: 0, язык: 0
2026-05-14 16:11:31,885 [   2746] [main]  DEBUG - ru.poscenter.jpos.scale.ScaleService - claim: OK, statistics initialized
2026-05-14 16:11:31,885 [   2746] [main]  DEBUG - ru.poscenter.jpos.scale.ScaleService - setTareWeight(100)
2026-05-14 16:11:31,885 [   2746] [main]  DEBUG - ru.poscenter.jpos.scale.ScaleService - checkEnabled() JPOS_E_DISABLED
2026-05-14 16:11:31,886 [   2747] [main]  DEBUG - ru.poscenter.jpos.scale.ScaleService - open(TestScale, ru.poscenter.jpos.scale.ScaleServiceTest$TestEventCallbacksWithHandler@179ece50)
2026-05-14 16:11:31,886 [   2747] [main]  DEBUG - ru.poscenter.jpos.scale.ScaleService - State changing from JPOS_S_CLOSED to JPOS_S_IDLE
2026-05-14 16:11:31,886 [   2747] [main]  DEBUG - ru.poscenter.jpos.scale.ScaleService - open: OK
2026-05-14 16:11:31,886 [   2747] [main]  DEBUG - ru.poscenter.jpos.scale.ScaleService - getCapSetPriceCalculationMode
2026-05-14 16:11:31,887 [   2748] [main]  DEBUG - ru.poscenter.jpos.scale.ScaleService - getCapSetPriceCalculationMode: true
2026-05-14 16:11:31,887 [   2748] [ScaleEventThread]  DEBUG - ru.poscenter.jpos.scale.ScaleService - Event thread started
2026-05-14 16:11:31,887 [   2748] [main]  DEBUG - ru.poscenter.jpos.scale.ScaleService - close()
2026-05-14 16:11:31,887 [   2748] [main]  DEBUG - ru.poscenter.jpos.scale.ScaleService - getDeviceEnabled
2026-05-14 16:11:31,887 [   2748] [main]  DEBUG - ru.poscenter.jpos.scale.ScaleService - getDeviceEnabled: false
2026-05-14 16:11:31,887 [   2748] [ScaleEventThread]  DEBUG - ru.poscenter.jpos.scale.ScaleService - Event thread interrupted
2026-05-14 16:11:31,887 [   2748] [ScaleEventThread]  DEBUG - ru.poscenter.jpos.scale.ScaleService - Event thread stopped
2026-05-14 16:11:31,887 [   2748] [main]  DEBUG - ru.poscenter.jpos.scale.ScaleService - Event thread stopped
2026-05-14 16:11:31,887 [   2748] [main]  DEBUG - ru.poscenter.jpos.scale.ScaleService - State changing from JPOS_S_IDLE to JPOS_S_CLOSED
2026-05-14 16:11:31,887 [   2748] [main]  DEBUG - ru.poscenter.jpos.scale.ScaleService - close: OK
2026-05-14 16:11:31,888 [   2749] [main]  DEBUG - ru.poscenter.jpos.scale.ScaleService - open(TestScale, ru.poscenter.jpos.scale.ScaleServiceTest$TestEventCallbacksWithHandler@3cd3e762)
2026-05-14 16:11:31,889 [   2750] [main]  DEBUG - ru.poscenter.jpos.scale.ScaleService - State changing from JPOS_S_CLOSED to JPOS_S_IDLE
2026-05-14 16:11:31,889 [   2750] [main]  DEBUG - ru.poscenter.jpos.scale.ScaleService - open: OK
2026-05-14 16:11:31,889 [   2750] [main]  DEBUG - ru.poscenter.jpos.scale.ScaleService - getCapCompareFirmwareVersion
2026-05-14 16:11:31,889 [   2750] [main]  DEBUG - ru.poscenter.jpos.scale.ScaleService - getCapCompareFirmwareVersion: false
2026-05-14 16:11:31,889 [   2750] [main]  DEBUG - ru.poscenter.jpos.scale.ScaleService - getCapStatusUpdate
2026-05-14 16:11:31,889 [   2750] [main]  DEBUG - ru.poscenter.jpos.scale.ScaleService - getCapStatusUpdate: true
2026-05-14 16:11:31,889 [   2750] [ScaleEventThread]  DEBUG - ru.poscenter.jpos.scale.ScaleService - Event thread started
2026-05-14 16:11:31,889 [   2750] [main]  DEBUG - ru.poscenter.jpos.scale.ScaleService - getCapUpdateFirmware
2026-05-14 16:11:31,889 [   2750] [main]  DEBUG - ru.poscenter.jpos.scale.ScaleService - getCapUpdateFirmware: false
2026-05-14 16:11:31,889 [   2750] [main]  DEBUG - ru.poscenter.jpos.scale.ScaleService - getCapDisplay
2026-05-14 16:11:31,889 [   2750] [main]  DEBUG - ru.poscenter.jpos.scale.ScaleService - getCapDisplay: false
2026-05-14 16:11:31,889 [   2750] [main]  DEBUG - ru.poscenter.jpos.scale.ScaleService - getCapStatisticsReporting
2026-05-14 16:11:31,889 [   2750] [main]  DEBUG - ru.poscenter.jpos.scale.ScaleService - getCapStatisticsReporting: true
2026-05-14 16:11:31,889 [   2750] [main]  DEBUG - ru.poscenter.jpos.scale.ScaleService - getCapUpdateStatistics
2026-05-14 16:11:31,889 [   2750] [main]  DEBUG - ru.poscenter.jpos.scale.ScaleService - getCapUpdateStatistics: true
2026-05-14 16:11:31,889 [   2750] [main]  DEBUG - ru.poscenter.jpos.scale.ScaleService - getCapDisplayText
2026-05-14 16:11:31,889 [   2750] [main]  DEBUG - ru.poscenter.jpos.scale.ScaleService - getCapDisplayText: false
2026-05-14 16:11:31,889 [   2750] [main]  DEBUG - ru.poscenter.jpos.scale.ScaleService - getCapPowerReporting
2026-05-14 16:11:31,889 [   2750] [main]  DEBUG - ru.poscenter.jpos.scale.ScaleService - getCapPowerReporting: 1
2026-05-14 16:11:31,889 [   2750] [main]  DEBUG - ru.poscenter.jpos.scale.ScaleService - getCapPriceCalculating
2026-05-14 16:11:31,889 [   2750] [main]  DEBUG - ru.poscenter.jpos.scale.ScaleService - getCapPriceCalculating: false
2026-05-14 16:11:31,889 [   2750] [main]  DEBUG - ru.poscenter.jpos.scale.ScaleService - getCapTareWeight
2026-05-14 16:11:31,889 [   2750] [main]  DEBUG - ru.poscenter.jpos.scale.ScaleService - getCapTareWeight: true
2026-05-14 16:11:31,889 [   2750] [main]  DEBUG - ru.poscenter.jpos.scale.ScaleService - getCapZeroScale
2026-05-14 16:11:31,889 [   2750] [main]  DEBUG - ru.poscenter.jpos.scale.ScaleService - getCapZeroScale: true
2026-05-14 16:11:31,889 [   2750] [main]  DEBUG - ru.poscenter.jpos.scale.ScaleService - close()
2026-05-14 16:11:31,889 [   2750] [main]  DEBUG - ru.poscenter.jpos.scale.ScaleService - getDeviceEnabled
2026-05-14 16:11:31,889 [   2750] [main]  DEBUG - ru.poscenter.jpos.scale.ScaleService - getDeviceEnabled: false
2026-05-14 16:11:31,890 [   2751] [ScaleEventThread]  DEBUG - ru.poscenter.jpos.scale.ScaleService - Event thread interrupted
2026-05-14 16:11:31,890 [   2751] [ScaleEventThread]  DEBUG - ru.poscenter.jpos.scale.ScaleService - Event thread stopped
2026-05-14 16:11:31,890 [   2751] [main]  DEBUG - ru.poscenter.jpos.scale.ScaleService - Event thread stopped
2026-05-14 16:11:31,890 [   2751] [main]  DEBUG - ru.poscenter.jpos.scale.ScaleService - State changing from JPOS_S_IDLE to JPOS_S_CLOSED
2026-05-14 16:11:31,890 [   2751] [main]  DEBUG - ru.poscenter.jpos.scale.ScaleService - close: OK
2026-05-14 16:11:31,891 [   2752] [main]  DEBUG - ru.poscenter.jpos.scale.ScaleService - open(TestScale, ru.poscenter.jpos.scale.ScaleServiceTest$TestEventCallbacksWithHandler@7eac9008)
2026-05-14 16:11:31,891 [   2752] [main]  DEBUG - ru.poscenter.jpos.scale.ScaleService - State changing from JPOS_S_CLOSED to JPOS_S_IDLE
2026-05-14 16:11:31,891 [   2752] [main]  DEBUG - ru.poscenter.jpos.scale.ScaleService - open: OK
2026-05-14 16:11:31,891 [   2752] [main]  DEBUG - ru.poscenter.jpos.scale.ScaleService - getCapReadLiveWeightWithTare
2026-05-14 16:11:31,891 [   2752] [main]  DEBUG - ru.poscenter.jpos.scale.ScaleService - getCapReadLiveWeightWithTare: false
2026-05-14 16:11:31,891 [   2752] [main]  DEBUG - ru.poscenter.jpos.scale.ScaleService - close()
2026-05-14 16:11:31,891 [   2752] [main]  DEBUG - ru.poscenter.jpos.scale.ScaleService - getDeviceEnabled
2026-05-14 16:11:31,891 [   2752] [main]  DEBUG - ru.poscenter.jpos.scale.ScaleService - getDeviceEnabled: false
2026-05-14 16:11:31,891 [   2752] [ScaleEventThread]  DEBUG - ru.poscenter.jpos.scale.ScaleService - Event thread started
2026-05-14 16:11:31,891 [   2752] [ScaleEventThread]  DEBUG - ru.poscenter.jpos.scale.ScaleService - Event thread stopped
2026-05-14 16:11:31,891 [   2752] [main]  DEBUG - ru.poscenter.jpos.scale.ScaleService - Event thread stopped
2026-05-14 16:11:31,891 [   2752] [main]  DEBUG - ru.poscenter.jpos.scale.ScaleService - State changing from JPOS_S_IDLE to JPOS_S_CLOSED
2026-05-14 16:11:31,891 [   2752] [main]  DEBUG - ru.poscenter.jpos.scale.ScaleService - close: OK
2026-05-14 16:11:31,892 [   2753] [main]  DEBUG - ru.poscenter.jpos.scale.ScaleService - open(TestScale, ru.poscenter.jpos.scale.ScaleServiceTest$TestEventCallbacksWithHandler@62ddbd7e)
2026-05-14 16:11:31,892 [   2753] [main]  DEBUG - ru.poscenter.jpos.scale.ScaleService - State changing from JPOS_S_CLOSED to JPOS_S_IDLE
2026-05-14 16:11:31,892 [   2753] [main]  DEBUG - ru.poscenter.jpos.scale.ScaleService - open: OK
2026-05-14 16:11:31,892 [   2753] [main]  DEBUG - ru.poscenter.jpos.scale.ScaleService - setPollEnabled(false)
2026-05-14 16:11:31,892 [   2753] [main]  DEBUG - ru.poscenter.jpos.scale.ScaleService - setPollEnabled: OK
2026-05-14 16:11:31,892 [   2753] [main]  DEBUG - ru.poscenter.jpos.scale.ScaleService - setPowerNotify(0)
2026-05-14 16:11:31,892 [   2753] [main]  DEBUG - ru.poscenter.jpos.scale.ScaleService - setPowerNotify: OK
2026-05-14 16:11:31,892 [   2753] [main]  DEBUG - ru.poscenter.jpos.scale.ScaleService - setDataEventEnabled(true)
2026-05-14 16:11:31,892 [   2753] [main]  DEBUG - ru.poscenter.jpos.scale.ScaleService - setDataEventEnabled: OK
2026-05-14 16:11:31,892 [   2753] [main]  DEBUG - ru.poscenter.jpos.scale.ScaleService - claim(0)
2026-05-14 16:11:31,892 [   2753] [ScaleEventThread]  DEBUG - ru.poscenter.jpos.scale.ScaleService - Event thread started
2026-05-14 16:11:31,892 [   2753] [main]  DEBUG - ru.poscenter.scale.ScaleSerial - setParam(OpenTimeout: 0)
2026-05-14 16:11:31,892 [   2753] [main]   INFO - ru.poscenter.jpos.scale.ScaleService - ChannelParams: minWeight=0g, maxWeight=0g
2026-05-14 16:11:31,893 [   2754] [main]   INFO - ru.poscenter.jpos.scale.ScaleService - ChannelParams details:
Флаги              : 0000
Десятичная точка   : 0
Степень            : 0
Тип канала         : < тензоканал >
Выборка массы тары : < нет >
Максимальный вес   : 0,000 кг
Минимальный вес    : 0,000 кг
Максимальная тара  : 0,000 кг
Количество градуировочных точек: 0
2026-05-14 16:11:31,893 [   2754] [main]  DEBUG - ru.poscenter.jpos.scale.ScaleService - null
Тип: 0.0, версия: 0.0
Модель: 0, язык: 0
2026-05-14 16:11:31,893 [   2754] [main]  DEBUG - ru.poscenter.jpos.scale.ScaleService - claim: OK, statistics initialized
2026-05-14 16:11:31,893 [   2754] [main]  DEBUG - ru.poscenter.jpos.scale.ScaleService - setDeviceEnabled(true)
2026-05-14 16:11:31,893 [   2754] [main]  DEBUG - ru.poscenter.jpos.scale.ScaleService - setDeviceEnabled: device enabled
2026-05-14 16:11:31,893 [   2754] [main]  DEBUG - ru.poscenter.jpos.scale.ScaleService - setDeviceEnabled: OK
2026-05-14 16:11:31,893 [   2754] [main]  DEBUG - ru.poscenter.jpos.scale.ScaleService - setAsyncMode(false)
2026-05-14 16:11:31,893 [   2754] [main]  DEBUG - ru.poscenter.jpos.scale.ScaleService - setAsyncMode: no change
2026-05-14 16:11:32,012 [   2873] [main]  DEBUG - ru.poscenter.jpos.scale.ScaleService - freezeValue(item=9, freeze=true)
2026-05-14 16:11:32,013 [   2874] [main]  DEBUG - ru.poscenter.jpos.scale.ScaleService - close()
2026-05-14 16:11:32,013 [   2874] [main]  DEBUG - ru.poscenter.jpos.scale.ScaleService - getDeviceEnabled
2026-05-14 16:11:32,013 [   2874] [main]  DEBUG - ru.poscenter.jpos.scale.ScaleService - getDeviceEnabled: true
2026-05-14 16:11:32,013 [   2874] [main]  DEBUG - ru.poscenter.jpos.scale.ScaleService - setDeviceEnabled(false)
2026-05-14 16:11:32,013 [   2874] [main]  DEBUG - ru.poscenter.jpos.scale.ScaleService - setDeviceEnabled: device disabled
2026-05-14 16:11:32,013 [   2874] [main]  DEBUG - ru.poscenter.jpos.scale.ScaleService - setDeviceEnabled: OK
2026-05-14 16:11:32,013 [   2874] [main]  DEBUG - ru.poscenter.jpos.scale.ScaleService - release()
2026-05-14 16:11:32,013 [   2874] [main]  DEBUG - ru.poscenter.jpos.scale.ScaleService - release: OK
2026-05-14 16:11:32,013 [   2874] [ScaleEventThread]  DEBUG - ru.poscenter.jpos.scale.ScaleService - Event thread interrupted
2026-05-14 16:11:32,013 [   2874] [ScaleEventThread]  DEBUG - ru.poscenter.jpos.scale.ScaleService - Event thread stopped
2026-05-14 16:11:32,013 [   2874] [main]  DEBUG - ru.poscenter.jpos.scale.ScaleService - Event thread stopped
2026-05-14 16:11:32,013 [   2874] [main]  DEBUG - ru.poscenter.jpos.scale.ScaleService - State changing from JPOS_S_IDLE to JPOS_S_CLOSED
2026-05-14 16:11:32,013 [   2874] [main]  DEBUG - ru.poscenter.jpos.scale.ScaleService - close: OK
2026-05-14 16:11:32,014 [   2875] [main]  DEBUG - ru.poscenter.jpos.scale.ScaleService - open(TestScale, ru.poscenter.jpos.scale.ScaleServiceTest$TestEventCallbacksWithHandler@6ed3ccb2)
2026-05-14 16:11:32,014 [   2875] [main]  DEBUG - ru.poscenter.jpos.scale.ScaleService - State changing from JPOS_S_CLOSED to JPOS_S_IDLE
2026-05-14 16:11:32,015 [   2876] [main]  DEBUG - ru.poscenter.jpos.scale.ScaleService - open: OK
2026-05-14 16:11:32,015 [   2876] [main]  DEBUG - ru.poscenter.jpos.scale.ScaleService - setPollEnabled(false)
2026-05-14 16:11:32,015 [   2876] [main]  DEBUG - ru.poscenter.jpos.scale.ScaleService - setPollEnabled: OK
2026-05-14 16:11:32,015 [   2876] [main]  DEBUG - ru.poscenter.jpos.scale.ScaleService - setPowerNotify(0)
2026-05-14 16:11:32,015 [   2876] [main]  DEBUG - ru.poscenter.jpos.scale.ScaleService - setPowerNotify: OK
2026-05-14 16:11:32,015 [   2876] [main]  DEBUG - ru.poscenter.jpos.scale.ScaleService - setDataEventEnabled(true)
2026-05-14 16:11:32,015 [   2876] [main]  DEBUG - ru.poscenter.jpos.scale.ScaleService - setDataEventEnabled: OK
2026-05-14 16:11:32,015 [   2876] [main]  DEBUG - ru.poscenter.jpos.scale.ScaleService - claim(0)
2026-05-14 16:11:32,015 [   2876] [ScaleEventThread]  DEBUG - ru.poscenter.jpos.scale.ScaleService - Event thread started
2026-05-14 16:11:32,015 [   2876] [main]  DEBUG - ru.poscenter.scale.ScaleSerial - setParam(OpenTimeout: 0)
2026-05-14 16:11:32,015 [   2876] [main]   INFO - ru.poscenter.jpos.scale.ScaleService - ChannelParams: minWeight=0g, maxWeight=0g
2026-05-14 16:11:32,015 [   2876] [main]   INFO - ru.poscenter.jpos.scale.ScaleService - ChannelParams details:
Флаги              : 0000
Десятичная точка   : 0
Степень            : 0
Тип канала         : < тензоканал >
Выборка массы тары : < нет >
Максимальный вес   : 0,000 кг
Минимальный вес    : 0,000 кг
Максимальная тара  : 0,000 кг
Количество градуировочных точек: 0
2026-05-14 16:11:32,015 [   2876] [main]  DEBUG - ru.poscenter.jpos.scale.ScaleService - null
Тип: 0.0, версия: 0.0
Модель: 0, язык: 0
2026-05-14 16:11:32,015 [   2876] [main]  DEBUG - ru.poscenter.jpos.scale.ScaleService - claim: OK, statistics initialized
2026-05-14 16:11:32,015 [   2876] [main]  DEBUG - ru.poscenter.jpos.scale.ScaleService - setDeviceEnabled(true)
2026-05-14 16:11:32,015 [   2876] [main]  DEBUG - ru.poscenter.jpos.scale.ScaleService - setDeviceEnabled: device enabled
2026-05-14 16:11:32,015 [   2876] [main]  DEBUG - ru.poscenter.jpos.scale.ScaleService - setDeviceEnabled: OK
2026-05-14 16:11:32,015 [   2876] [main]  DEBUG - ru.poscenter.jpos.scale.ScaleService - setAsyncMode(false)
2026-05-14 16:11:32,015 [   2876] [main]  DEBUG - ru.poscenter.jpos.scale.ScaleService - setAsyncMode: no change
2026-05-14 16:11:32,118 [   2979] [main]  DEBUG - ru.poscenter.jpos.scale.ScaleService - setSpecialTare(mode=3, data=1000)
2026-05-14 16:11:32,118 [   2979] [main]  DEBUG - ru.poscenter.jpos.scale.ScaleService - close()
2026-05-14 16:11:32,119 [   2980] [main]  DEBUG - ru.poscenter.jpos.scale.ScaleService - getDeviceEnabled
2026-05-14 16:11:32,119 [   2980] [main]  DEBUG - ru.poscenter.jpos.scale.ScaleService - getDeviceEnabled: true
2026-05-14 16:11:32,119 [   2980] [main]  DEBUG - ru.poscenter.jpos.scale.ScaleService - setDeviceEnabled(false)
2026-05-14 16:11:32,119 [   2980] [main]  DEBUG - ru.poscenter.jpos.scale.ScaleService - setDeviceEnabled: device disabled
2026-05-14 16:11:32,119 [   2980] [main]  DEBUG - ru.poscenter.jpos.scale.ScaleService - setDeviceEnabled: OK
2026-05-14 16:11:32,119 [   2980] [main]  DEBUG - ru.poscenter.jpos.scale.ScaleService - release()
2026-05-14 16:11:32,119 [   2980] [main]  DEBUG - ru.poscenter.jpos.scale.ScaleService - release: OK
2026-05-14 16:11:32,120 [   2981] [ScaleEventThread]  DEBUG - ru.poscenter.jpos.scale.ScaleService - Event thread interrupted
2026-05-14 16:11:32,120 [   2981] [ScaleEventThread]  DEBUG - ru.poscenter.jpos.scale.ScaleService - Event thread stopped
2026-05-14 16:11:32,120 [   2981] [main]  DEBUG - ru.poscenter.jpos.scale.ScaleService - Event thread stopped
2026-05-14 16:11:32,120 [   2981] [main]  DEBUG - ru.poscenter.jpos.scale.ScaleService - State changing from JPOS_S_IDLE to JPOS_S_CLOSED
2026-05-14 16:11:32,120 [   2981] [main]  DEBUG - ru.poscenter.jpos.scale.ScaleService - close: OK
2026-05-14 16:11:32,121 [   2982] [main]  DEBUG - ru.poscenter.jpos.scale.ScaleService - open(TestScale, ru.poscenter.jpos.scale.ScaleServiceTest$TestEventCallbacksWithHandler@15de0b3c)
2026-05-14 16:11:32,122 [   2983] [main]  DEBUG - ru.poscenter.jpos.scale.ScaleService - State changing from JPOS_S_CLOSED to JPOS_S_IDLE
2026-05-14 16:11:32,122 [   2983] [main]  DEBUG - ru.poscenter.jpos.scale.ScaleService - open: OK
2026-05-14 16:11:32,122 [   2983] [main]  DEBUG - ru.poscenter.jpos.scale.ScaleService - getCapSetUnitPriceWithWeightUnit
2026-05-14 16:11:32,122 [   2983] [main]  DEBUG - ru.poscenter.jpos.scale.ScaleService - getCapSetUnitPriceWithWeightUnit: false
2026-05-14 16:11:32,122 [   2983] [main]  DEBUG - ru.poscenter.jpos.scale.ScaleService - close()
2026-05-14 16:11:32,122 [   2983] [main]  DEBUG - ru.poscenter.jpos.scale.ScaleService - getDeviceEnabled
2026-05-14 16:11:32,122 [   2983] [ScaleEventThread]  DEBUG - ru.poscenter.jpos.scale.ScaleService - Event thread started
2026-05-14 16:11:32,122 [   2983] [main]  DEBUG - ru.poscenter.jpos.scale.ScaleService - getDeviceEnabled: false
2026-05-14 16:11:32,122 [   2983] [ScaleEventThread]  DEBUG - ru.poscenter.jpos.scale.ScaleService - Event thread interrupted
2026-05-14 16:11:32,122 [   2983] [ScaleEventThread]  DEBUG - ru.poscenter.jpos.scale.ScaleService - Event thread stopped
2026-05-14 16:11:32,122 [   2983] [main]  DEBUG - ru.poscenter.jpos.scale.ScaleService - Event thread stopped
2026-05-14 16:11:32,122 [   2983] [main]  DEBUG - ru.poscenter.jpos.scale.ScaleService - State changing from JPOS_S_IDLE to JPOS_S_CLOSED
2026-05-14 16:11:32,122 [   2983] [main]  DEBUG - ru.poscenter.jpos.scale.ScaleService - close: OK
2026-05-14 16:11:32,124 [   2985] [main]  DEBUG - ru.poscenter.jpos.scale.ScaleService - open(TestScale, ru.poscenter.jpos.scale.ScaleServiceTest$TestEventCallbacksWithHandler@3857f613)
2026-05-14 16:11:32,124 [   2985] [main]  DEBUG - ru.poscenter.jpos.scale.ScaleService - State changing from JPOS_S_CLOSED to JPOS_S_IDLE
2026-05-14 16:11:32,124 [   2985] [main]  DEBUG - ru.poscenter.jpos.scale.ScaleService - open: OK
2026-05-14 16:11:32,124 [   2985] [main]  DEBUG - ru.poscenter.jpos.scale.ScaleService - setPollEnabled(false)
2026-05-14 16:11:32,124 [   2985] [main]  DEBUG - ru.poscenter.jpos.scale.ScaleService - setPollEnabled: OK
2026-05-14 16:11:32,124 [   2985] [main]  DEBUG - ru.poscenter.jpos.scale.ScaleService - setPowerNotify(0)
2026-05-14 16:11:32,124 [   2985] [main]  DEBUG - ru.poscenter.jpos.scale.ScaleService - setPowerNotify: OK
2026-05-14 16:11:32,131 [   2992] [main]  DEBUG - ru.poscenter.jpos.scale.ScaleService - setDataEventEnabled(true)
2026-05-14 16:11:32,131 [   2992] [main]  DEBUG - ru.poscenter.jpos.scale.ScaleService - setDataEventEnabled: OK
2026-05-14 16:11:32,131 [   2992] [main]  DEBUG - ru.poscenter.jpos.scale.ScaleService - claim(0)
2026-05-14 16:11:32,131 [   2992] [main]  DEBUG - ru.poscenter.scale.ScaleSerial - setParam(OpenTimeout: 0)
2026-05-14 16:11:32,131 [   2992] [main]   INFO - ru.poscenter.jpos.scale.ScaleService - ChannelParams: minWeight=0g, maxWeight=0g
2026-05-14 16:11:32,132 [   2993] [main]   INFO - ru.poscenter.jpos.scale.ScaleService - ChannelParams details:
Флаги              : 0000
Десятичная точка   : 0
Степень            : 0
Тип канала         : < тензоканал >
Выборка массы тары : < нет >
Максимальный вес   : 0,000 кг
Минимальный вес    : 0,000 кг
Максимальная тара  : 0,000 кг
Количество градуировочных точек: 0
2026-05-14 16:11:32,132 [   2993] [main]  DEBUG - ru.poscenter.jpos.scale.ScaleService - null
Тип: 0.0, версия: 0.0
Модель: 0, язык: 0
2026-05-14 16:11:32,132 [   2993] [main]  DEBUG - ru.poscenter.jpos.scale.ScaleService - claim: OK, statistics initialized
2026-05-14 16:11:32,132 [   2993] [main]  DEBUG - ru.poscenter.jpos.scale.ScaleService - setDeviceEnabled(true)
2026-05-14 16:11:32,132 [   2993] [main]  DEBUG - ru.poscenter.jpos.scale.ScaleService - setDeviceEnabled: device enabled
2026-05-14 16:11:32,132 [   2993] [main]  DEBUG - ru.poscenter.jpos.scale.ScaleService - setDeviceEnabled: OK
2026-05-14 16:11:32,132 [   2993] [main]  DEBUG - ru.poscenter.jpos.scale.ScaleService - setAsyncMode(true)
2026-05-14 16:11:32,131 [   2992] [ScaleEventThread]  DEBUG - ru.poscenter.jpos.scale.ScaleService - Event thread started
2026-05-14 16:11:32,133 [   2994] [main]  DEBUG - ru.poscenter.jpos.scale.ScaleService - Weight thread started
2026-05-14 16:11:32,133 [   2994] [main]  DEBUG - ru.poscenter.jpos.scale.ScaleService - setAsyncMode: OK
2026-05-14 16:11:32,133 [   2994] [ScaleWeightThread]  DEBUG - ru.poscenter.jpos.scale.ScaleService - Weight thread started
2026-05-14 16:11:32,247 [   3108] [main]  DEBUG - ru.poscenter.jpos.scale.ScaleService - readWeight(null, 1000)
2026-05-14 16:11:32,248 [   3109] [main]  DEBUG - ru.poscenter.jpos.scale.ScaleService - State changing from JPOS_S_IDLE to JPOS_S_BUSY
2026-05-14 16:11:32,248 [   3109] [main]  DEBUG - ru.poscenter.jpos.scale.ScaleService - readWeight: async request queued
2026-05-14 16:11:32,248 [   3109] [ScaleWeightThread]  DEBUG - ru.poscenter.jpos.scale.ScaleService - Processing request #1293680848, timeout=1000, retry=0
2026-05-14 16:11:32,248 [   3109] [ScaleWeightThread]  DEBUG - ru.poscenter.jpos.scale.ScaleService - State changing from JPOS_S_BUSY to JPOS_S_IDLE
2026-05-14 16:11:32,248 [   3109] [ScaleWeightThread]  DEBUG - ru.poscenter.jpos.scale.ScaleService - Weight request processed, weight=1234
2026-05-14 16:11:32,260 [   3121] [ScaleEventThread]  DEBUG - ru.poscenter.jpos.scale.ScaleService - fireJposEvent: DataEvent
2026-05-14 16:11:32,260 [   3121] [ScaleEventThread]  DEBUG - ru.poscenter.jpos.scale.ScaleService - close()
2026-05-14 16:11:32,260 [   3121] [ScaleEventThread]  ERROR - ru.poscenter.jpos.scale.ScaleService - close() called from event handler thread - this would cause deadlock
2026-05-14 16:11:32,260 [   3121] [main]  DEBUG - ru.poscenter.jpos.scale.ScaleService - getState
2026-05-14 16:11:32,260 [   3121] [main]  DEBUG - ru.poscenter.jpos.scale.ScaleService - getState: JPOS_S_IDLE
2026-05-14 16:11:32,261 [   3122] [main]  DEBUG - ru.poscenter.jpos.scale.ScaleService - getClaimed
2026-05-14 16:11:32,261 [   3122] [main]  DEBUG - ru.poscenter.jpos.scale.ScaleService - getClaimed: true
2026-05-14 16:11:32,261 [   3122] [main]  DEBUG - ru.poscenter.jpos.scale.ScaleService - getDeviceEnabled
2026-05-14 16:11:32,261 [   3122] [main]  DEBUG - ru.poscenter.jpos.scale.ScaleService - getDeviceEnabled: true
2026-05-14 16:11:32,261 [   3122] [main]  DEBUG - ru.poscenter.jpos.scale.ScaleService - close()
2026-05-14 16:11:32,261 [   3122] [main]  DEBUG - ru.poscenter.jpos.scale.ScaleService - getDeviceEnabled
2026-05-14 16:11:32,261 [   3122] [main]  DEBUG - ru.poscenter.jpos.scale.ScaleService - getDeviceEnabled: true
2026-05-14 16:11:32,261 [   3122] [main]  DEBUG - ru.poscenter.jpos.scale.ScaleService - setDeviceEnabled(false)
2026-05-14 16:11:32,261 [   3122] [main]  DEBUG - ru.poscenter.jpos.scale.ScaleService - setAsyncMode(false)
2026-05-14 16:11:32,261 [   3122] [ScaleWeightThread]  DEBUG - ru.poscenter.jpos.scale.ScaleService - Weight thread interrupted
2026-05-14 16:11:32,261 [   3122] [ScaleWeightThread]  DEBUG - ru.poscenter.jpos.scale.ScaleService - Weight thread stopped
2026-05-14 16:11:32,261 [   3122] [main]  DEBUG - ru.poscenter.jpos.scale.ScaleService - Weight thread stopped
2026-05-14 16:11:32,261 [   3122] [main]  DEBUG - ru.poscenter.jpos.scale.ScaleService - setAsyncMode: OK
2026-05-14 16:11:32,261 [   3122] [main]  DEBUG - ru.poscenter.jpos.scale.ScaleService - setDeviceEnabled: device disabled
2026-05-14 16:11:32,261 [   3122] [main]  DEBUG - ru.poscenter.jpos.scale.ScaleService - setDeviceEnabled: OK
2026-05-14 16:11:32,261 [   3122] [main]  DEBUG - ru.poscenter.jpos.scale.ScaleService - release()
2026-05-14 16:11:32,261 [   3122] [main]  DEBUG - ru.poscenter.jpos.scale.ScaleService - release: OK
2026-05-14 16:11:32,261 [   3122] [ScaleEventThread]  DEBUG - ru.poscenter.jpos.scale.ScaleService - Event thread interrupted
2026-05-14 16:11:32,262 [   3123] [ScaleEventThread]  DEBUG - ru.poscenter.jpos.scale.ScaleService - Event thread stopped
2026-05-14 16:11:32,262 [   3123] [main]  DEBUG - ru.poscenter.jpos.scale.ScaleService - Event thread stopped
2026-05-14 16:11:32,262 [   3123] [main]  DEBUG - ru.poscenter.jpos.scale.ScaleService - State changing from JPOS_S_IDLE to JPOS_S_CLOSED
2026-05-14 16:11:32,262 [   3123] [main]  DEBUG - ru.poscenter.jpos.scale.ScaleService - close: OK
2026-05-14 16:11:32,263 [   3124] [main]  DEBUG - ru.poscenter.jpos.scale.ScaleService - open(TestScale, ru.poscenter.jpos.scale.ScaleServiceTest$TestEventCallbacksWithHandler@4e08711f)
2026-05-14 16:11:32,264 [   3125] [main]  DEBUG - ru.poscenter.jpos.scale.ScaleService - State changing from JPOS_S_CLOSED to JPOS_S_IDLE
2026-05-14 16:11:32,264 [   3125] [main]  DEBUG - ru.poscenter.jpos.scale.ScaleService - open: OK
2026-05-14 16:11:32,264 [   3125] [main]  DEBUG - ru.poscenter.jpos.scale.ScaleService - setPollEnabled(false)
2026-05-14 16:11:32,264 [   3125] [main]  DEBUG - ru.poscenter.jpos.scale.ScaleService - setPollEnabled: OK
2026-05-14 16:11:32,264 [   3125] [main]  DEBUG - ru.poscenter.jpos.scale.ScaleService - setPowerNotify(0)
2026-05-14 16:11:32,264 [   3125] [ScaleEventThread]  DEBUG - ru.poscenter.jpos.scale.ScaleService - Event thread started
2026-05-14 16:11:32,264 [   3125] [main]  DEBUG - ru.poscenter.jpos.scale.ScaleService - setPowerNotify: OK
2026-05-14 16:11:32,264 [   3125] [main]  DEBUG - ru.poscenter.jpos.scale.ScaleService - setDataEventEnabled(true)
2026-05-14 16:11:32,264 [   3125] [main]  DEBUG - ru.poscenter.jpos.scale.ScaleService - setDataEventEnabled: OK
2026-05-14 16:11:32,264 [   3125] [main]  DEBUG - ru.poscenter.jpos.scale.ScaleService - claim(0)
2026-05-14 16:11:32,264 [   3125] [main]  DEBUG - ru.poscenter.scale.ScaleSerial - setParam(OpenTimeout: 0)
2026-05-14 16:11:32,264 [   3125] [main]   INFO - ru.poscenter.jpos.scale.ScaleService - ChannelParams: minWeight=0g, maxWeight=0g
2026-05-14 16:11:32,264 [   3125] [main]   INFO - ru.poscenter.jpos.scale.ScaleService - ChannelParams details:
Флаги              : 0000
Десятичная точка   : 0
Степень            : 0
Тип канала         : < тензоканал >
Выборка массы тары : < нет >
Максимальный вес   : 0,000 кг
Минимальный вес    : 0,000 кг
Максимальная тара  : 0,000 кг
Количество градуировочных точек: 0
2026-05-14 16:11:32,265 [   3126] [main]  DEBUG - ru.poscenter.jpos.scale.ScaleService - null
Тип: 0.0, версия: 0.0
Модель: 0, язык: 0
2026-05-14 16:11:32,265 [   3126] [main]  DEBUG - ru.poscenter.jpos.scale.ScaleService - claim: OK, statistics initialized
2026-05-14 16:11:32,265 [   3126] [main]  DEBUG - ru.poscenter.jpos.scale.ScaleService - setDeviceEnabled(true)
2026-05-14 16:11:32,265 [   3126] [main]  DEBUG - ru.poscenter.jpos.scale.ScaleService - setDeviceEnabled: device enabled
2026-05-14 16:11:32,265 [   3126] [main]  DEBUG - ru.poscenter.jpos.scale.ScaleService - setDeviceEnabled: OK
2026-05-14 16:11:32,265 [   3126] [main]  DEBUG - ru.poscenter.jpos.scale.ScaleService - setAsyncMode(true)
2026-05-14 16:11:32,265 [   3126] [main]  DEBUG - ru.poscenter.jpos.scale.ScaleService - Weight thread started
2026-05-14 16:11:32,265 [   3126] [main]  DEBUG - ru.poscenter.jpos.scale.ScaleService - setAsyncMode: OK
2026-05-14 16:11:32,265 [   3126] [ScaleWeightThread]  DEBUG - ru.poscenter.jpos.scale.ScaleService - Weight thread started
2026-05-14 16:11:32,374 [   3235] [Thread-1]  DEBUG - ru.poscenter.jpos.scale.ScaleService - readWeight(null, 5000)
2026-05-14 16:11:32,374 [   3235] [Thread-2]  DEBUG - ru.poscenter.jpos.scale.ScaleService - readWeight(null, 5000)
2026-05-14 16:11:32,374 [   3235] [Thread-4]  DEBUG - ru.poscenter.jpos.scale.ScaleService - readWeight(null, 5000)
2026-05-14 16:11:32,374 [   3235] [Thread-0]  DEBUG - ru.poscenter.jpos.scale.ScaleService - readWeight(null, 5000)
2026-05-14 16:11:32,374 [   3235] [Thread-3]  DEBUG - ru.poscenter.jpos.scale.ScaleService - readWeight(null, 5000)
2026-05-14 16:11:32,374 [   3235] [Thread-1]  DEBUG - ru.poscenter.jpos.scale.ScaleService - State changing from JPOS_S_IDLE to JPOS_S_BUSY
2026-05-14 16:11:32,374 [   3235] [Thread-1]  DEBUG - ru.poscenter.jpos.scale.ScaleService - readWeight: async request queued
2026-05-14 16:11:32,374 [   3235] [Thread-3]  ERROR - ru.poscenter.jpos.scale.ScaleService - readWeight error: Asynchronous operation already in progress
2026-05-14 16:11:32,374 [   3235] [Thread-2]  ERROR - ru.poscenter.jpos.scale.ScaleService - readWeight error: Asynchronous operation already in progress
2026-05-14 16:11:32,374 [   3235] [ScaleWeightThread]  DEBUG - ru.poscenter.jpos.scale.ScaleService - Processing request #380436620, timeout=5000, retry=0
2026-05-14 16:11:32,374 [   3235] [Thread-0]  ERROR - ru.poscenter.jpos.scale.ScaleService - readWeight error: Asynchronous operation already in progress
2026-05-14 16:11:32,374 [   3235] [Thread-4]  ERROR - ru.poscenter.jpos.scale.ScaleService - readWeight error: Asynchronous operation already in progress
2026-05-14 16:11:32,482 [   3343] [ScaleWeightThread]  DEBUG - ru.poscenter.jpos.scale.ScaleService - State changing from JPOS_S_BUSY to JPOS_S_IDLE
2026-05-14 16:11:32,482 [   3343] [ScaleWeightThread]  DEBUG - ru.poscenter.jpos.scale.ScaleService - Weight request processed, weight=500
2026-05-14 16:11:32,497 [   3358] [ScaleEventThread]  DEBUG - ru.poscenter.jpos.scale.ScaleService - fireJposEvent: DataEvent
2026-05-14 16:11:32,497 [   3358] [main]  DEBUG - ru.poscenter.jpos.scale.ScaleService - close()
2026-05-14 16:11:32,497 [   3358] [main]  DEBUG - ru.poscenter.jpos.scale.ScaleService - getDeviceEnabled
2026-05-14 16:11:32,497 [   3358] [main]  DEBUG - ru.poscenter.jpos.scale.ScaleService - getDeviceEnabled: true
2026-05-14 16:11:32,497 [   3358] [main]  DEBUG - ru.poscenter.jpos.scale.ScaleService - setDeviceEnabled(false)
2026-05-14 16:11:32,497 [   3358] [main]  DEBUG - ru.poscenter.jpos.scale.ScaleService - setAsyncMode(false)
2026-05-14 16:11:32,497 [   3358] [ScaleWeightThread]  DEBUG - ru.poscenter.jpos.scale.ScaleService - Weight thread interrupted
2026-05-14 16:11:32,497 [   3358] [ScaleWeightThread]  DEBUG - ru.poscenter.jpos.scale.ScaleService - Weight thread stopped
2026-05-14 16:11:32,498 [   3359] [main]  DEBUG - ru.poscenter.jpos.scale.ScaleService - Weight thread stopped
2026-05-14 16:11:32,498 [   3359] [main]  DEBUG - ru.poscenter.jpos.scale.ScaleService - setAsyncMode: OK
2026-05-14 16:11:32,498 [   3359] [main]  DEBUG - ru.poscenter.jpos.scale.ScaleService - setDeviceEnabled: device disabled
2026-05-14 16:11:32,498 [   3359] [main]  DEBUG - ru.poscenter.jpos.scale.ScaleService - setDeviceEnabled: OK
2026-05-14 16:11:32,498 [   3359] [main]  DEBUG - ru.poscenter.jpos.scale.ScaleService - release()
2026-05-14 16:11:32,498 [   3359] [main]  DEBUG - ru.poscenter.jpos.scale.ScaleService - release: OK
2026-05-14 16:11:32,498 [   3359] [ScaleEventThread]  DEBUG - ru.poscenter.jpos.scale.ScaleService - Event thread interrupted
2026-05-14 16:11:32,498 [   3359] [ScaleEventThread]  DEBUG - ru.poscenter.jpos.scale.ScaleService - Event thread stopped
2026-05-14 16:11:32,498 [   3359] [main]  DEBUG - ru.poscenter.jpos.scale.ScaleService - Event thread stopped
2026-05-14 16:11:32,498 [   3359] [main]  DEBUG - ru.poscenter.jpos.scale.ScaleService - State changing from JPOS_S_IDLE to JPOS_S_CLOSED
2026-05-14 16:11:32,498 [   3359] [main]  DEBUG - ru.poscenter.jpos.scale.ScaleService - close: OK
2026-05-14 16:11:32,499 [   3360] [main]  DEBUG - ru.poscenter.jpos.scale.ScaleService - open(TestScale, ru.poscenter.jpos.scale.ScaleServiceTest$TestEventCallbacksWithHandler@2cd76f31)
2026-05-14 16:11:32,500 [   3361] [main]  DEBUG - ru.poscenter.jpos.scale.ScaleService - State changing from JPOS_S_CLOSED to JPOS_S_IDLE
2026-05-14 16:11:32,500 [   3361] [main]  DEBUG - ru.poscenter.jpos.scale.ScaleService - open: OK
2026-05-14 16:11:32,500 [   3361] [main]  DEBUG - ru.poscenter.jpos.scale.ScaleService - getPhysicalDeviceDescription()
2026-05-14 16:11:32,500 [   3361] [main]  DEBUG - ru.poscenter.jpos.scale.ScaleService - getPhysicalDeviceDescription: SHTRIKH-M POS2 Scale
2026-05-14 16:11:32,500 [   3361] [ScaleEventThread]  DEBUG - ru.poscenter.jpos.scale.ScaleService - Event thread started
2026-05-14 16:11:32,500 [   3361] [main]  DEBUG - ru.poscenter.jpos.scale.ScaleService - getPhysicalDeviceName()
2026-05-14 16:11:32,500 [   3361] [main]  DEBUG - ru.poscenter.jpos.scale.ScaleService - getPhysicalDeviceDescription()
2026-05-14 16:11:32,500 [   3361] [main]  DEBUG - ru.poscenter.jpos.scale.ScaleService - getPhysicalDeviceDescription: SHTRIKH-M POS2 Scale
2026-05-14 16:11:32,500 [   3361] [main]  DEBUG - ru.poscenter.jpos.scale.ScaleService - getPhysicalDeviceName: SHTRIKH-M POS2 Scale
2026-05-14 16:11:32,500 [   3361] [main]  DEBUG - ru.poscenter.jpos.scale.ScaleService - getDeviceServiceDescription()
2026-05-14 16:11:32,500 [   3361] [main]  DEBUG - ru.poscenter.jpos.scale.ScaleService - getDeviceServiceDescription: Scale Service v1.14
2026-05-14 16:11:32,501 [   3362] [main]  DEBUG - ru.poscenter.jpos.scale.ScaleService - getDeviceServiceVersion()
2026-05-14 16:11:32,501 [   3362] [main]  DEBUG - ru.poscenter.jpos.scale.ScaleService - getDeviceServiceVersion: 1014006
2026-05-14 16:11:32,501 [   3362] [main]  DEBUG - ru.poscenter.jpos.scale.ScaleService - close()
2026-05-14 16:11:32,501 [   3362] [main]  DEBUG - ru.poscenter.jpos.scale.ScaleService - getDeviceEnabled
2026-05-14 16:11:32,501 [   3362] [main]  DEBUG - ru.poscenter.jpos.scale.ScaleService - getDeviceEnabled: false
2026-05-14 16:11:32,501 [   3362] [ScaleEventThread]  DEBUG - ru.poscenter.jpos.scale.ScaleService - Event thread interrupted
2026-05-14 16:11:32,501 [   3362] [ScaleEventThread]  DEBUG - ru.poscenter.jpos.scale.ScaleService - Event thread stopped
2026-05-14 16:11:32,501 [   3362] [main]  DEBUG - ru.poscenter.jpos.scale.ScaleService - Event thread stopped
2026-05-14 16:11:32,501 [   3362] [main]  DEBUG - ru.poscenter.jpos.scale.ScaleService - State changing from JPOS_S_IDLE to JPOS_S_CLOSED
2026-05-14 16:11:32,501 [   3362] [main]  DEBUG - ru.poscenter.jpos.scale.ScaleService - close: OK
2026-05-14 16:11:32,502 [   3363] [main]  DEBUG - ru.poscenter.jpos.scale.ScaleService - open(TestScale, ru.poscenter.jpos.scale.ScaleServiceTest$TestEventCallbacksWithHandler@49438269)
2026-05-14 16:11:32,502 [   3363] [main]  DEBUG - ru.poscenter.jpos.scale.ScaleService - State changing from JPOS_S_CLOSED to JPOS_S_IDLE
2026-05-14 16:11:32,502 [   3363] [main]  DEBUG - ru.poscenter.jpos.scale.ScaleService - open: OK
2026-05-14 16:11:32,502 [   3363] [main]  DEBUG - ru.poscenter.jpos.scale.ScaleService - getCapFreezeValue
2026-05-14 16:11:32,502 [   3363] [main]  DEBUG - ru.poscenter.jpos.scale.ScaleService - getCapFreezeValue: false
2026-05-14 16:11:32,502 [   3363] [main]  DEBUG - ru.poscenter.jpos.scale.ScaleService - getCapReadLiveWeightWithTare
2026-05-14 16:11:32,502 [   3363] [main]  DEBUG - ru.poscenter.jpos.scale.ScaleService - getCapReadLiveWeightWithTare: false
2026-05-14 16:11:32,502 [   3363] [main]  DEBUG - ru.poscenter.jpos.scale.ScaleService - getCapSetPriceCalculationMode
2026-05-14 16:11:32,503 [   3364] [main]  DEBUG - ru.poscenter.jpos.scale.ScaleService - getCapSetPriceCalculationMode: true
2026-05-14 16:11:32,503 [   3364] [main]  DEBUG - ru.poscenter.jpos.scale.ScaleService - getCapSetUnitPriceWithWeightUnit
2026-05-14 16:11:32,503 [   3364] [main]  DEBUG - ru.poscenter.jpos.scale.ScaleService - getCapSetUnitPriceWithWeightUnit: false
2026-05-14 16:11:32,503 [   3364] [main]  DEBUG - ru.poscenter.jpos.scale.ScaleService - getCapSpecialTare
2026-05-14 16:11:32,503 [   3364] [ScaleEventThread]  DEBUG - ru.poscenter.jpos.scale.ScaleService - Event thread started
2026-05-14 16:11:32,503 [   3364] [main]  DEBUG - ru.poscenter.jpos.scale.ScaleService - getCapSpecialTare: false
2026-05-14 16:11:32,503 [   3364] [main]  DEBUG - ru.poscenter.jpos.scale.ScaleService - getCapTarePriority
2026-05-14 16:11:32,503 [   3364] [main]  DEBUG - ru.poscenter.jpos.scale.ScaleService - getCapTarePriority: false
2026-05-14 16:11:32,503 [   3364] [main]  DEBUG - ru.poscenter.jpos.scale.ScaleService - getMinimumWeight
2026-05-14 16:11:32,503 [   3364] [main]  DEBUG - ru.poscenter.jpos.scale.ScaleService - getMinimumWeight: 0
2026-05-14 16:11:32,503 [   3364] [main]  DEBUG - ru.poscenter.jpos.scale.ScaleService - claim(0)
2026-05-14 16:11:32,503 [   3364] [main]  DEBUG - ru.poscenter.scale.ScaleSerial - setParam(OpenTimeout: 0)
2026-05-14 16:11:32,503 [   3364] [main]   INFO - ru.poscenter.jpos.scale.ScaleService - ChannelParams: minWeight=0g, maxWeight=0g
2026-05-14 16:11:32,503 [   3364] [main]   INFO - ru.poscenter.jpos.scale.ScaleService - ChannelParams details:
Флаги              : 0000
Десятичная точка   : 0
Степень            : 0
Тип канала         : < тензоканал >
Выборка массы тары : < нет >
Максимальный вес   : 0,000 кг
Минимальный вес    : 0,000 кг
Максимальная тара  : 0,000 кг
Количество градуировочных точек: 0
2026-05-14 16:11:32,503 [   3364] [main]  DEBUG - ru.poscenter.jpos.scale.ScaleService - null
Тип: 0.0, версия: 0.0
Модель: 0, язык: 0
2026-05-14 16:11:32,503 [   3364] [main]  DEBUG - ru.poscenter.jpos.scale.ScaleService - claim: OK, statistics initialized
2026-05-14 16:11:32,503 [   3364] [main]  DEBUG - ru.poscenter.jpos.scale.ScaleService - setDeviceEnabled(true)
2026-05-14 16:11:32,503 [   3364] [main]  DEBUG - ru.poscenter.jpos.scale.ScaleService - Poll thread started
2026-05-14 16:11:32,503 [   3364] [main]  DEBUG - ru.poscenter.jpos.scale.ScaleService - setDeviceEnabled: device enabled
2026-05-14 16:11:32,503 [   3364] [main]  DEBUG - ru.poscenter.jpos.scale.ScaleService - setDeviceEnabled: OK
2026-05-14 16:11:32,503 [   3364] [main]  DEBUG - ru.poscenter.jpos.scale.ScaleService - setPriceCalculationMode(mode=3)
2026-05-14 16:11:32,503 [   3364] [main]  DEBUG - ru.poscenter.jpos.scale.ScaleService - setPriceCalculationMode: OK, mode=3
2026-05-14 16:11:32,503 [   3364] [main]  DEBUG - ru.poscenter.jpos.scale.ScaleService - doPriceCalculating(timeout=5000)
2026-05-14 16:11:32,504 [   3365] [main]  DEBUG - ru.poscenter.jpos.scale.ScaleService - getCapPriceCalculating
2026-05-14 16:11:32,504 [   3365] [main]  DEBUG - ru.poscenter.jpos.scale.ScaleService - getCapPriceCalculating: false
2026-05-14 16:11:32,504 [   3365] [main]  DEBUG - ru.poscenter.jpos.scale.ScaleService - doPriceCalculating: OK, weight=1000, price=0
2026-05-14 16:11:32,504 [   3365] [main]  DEBUG - ru.poscenter.jpos.scale.ScaleService - setDeviceEnabled(false)
2026-05-14 16:11:32,504 [   3365] [ScalePollThread]  DEBUG - ru.poscenter.jpos.scale.ScaleService - Poll thread started
2026-05-14 16:11:32,504 [   3365] [ScalePollThread]  DEBUG - ru.poscenter.jpos.scale.ScaleService - Poll thread stopped
2026-05-14 16:11:32,504 [   3365] [main]  DEBUG - ru.poscenter.jpos.scale.ScaleService - Poll thread stopped
2026-05-14 16:11:32,504 [   3365] [main]  DEBUG - ru.poscenter.jpos.scale.ScaleService - setDeviceEnabled: device disabled
2026-05-14 16:11:32,504 [   3365] [main]  DEBUG - ru.poscenter.jpos.scale.ScaleService - setDeviceEnabled: OK
2026-05-14 16:11:32,504 [   3365] [main]  DEBUG - ru.poscenter.jpos.scale.ScaleService - release()
2026-05-14 16:11:32,504 [   3365] [main]  DEBUG - ru.poscenter.jpos.scale.ScaleService - release: OK
2026-05-14 16:11:32,504 [   3365] [main]  DEBUG - ru.poscenter.jpos.scale.ScaleService - close()
2026-05-14 16:11:32,504 [   3365] [main]  DEBUG - ru.poscenter.jpos.scale.ScaleService - getDeviceEnabled
2026-05-14 16:11:32,504 [   3365] [main]  DEBUG - ru.poscenter.jpos.scale.ScaleService - getDeviceEnabled: false
2026-05-14 16:11:32,504 [   3365] [ScaleEventThread]  DEBUG - ru.poscenter.jpos.scale.ScaleService - Event thread interrupted
2026-05-14 16:11:32,504 [   3365] [ScaleEventThread]  DEBUG - ru.poscenter.jpos.scale.ScaleService - Event thread stopped
2026-05-14 16:11:32,504 [   3365] [main]  DEBUG - ru.poscenter.jpos.scale.ScaleService - Event thread stopped
2026-05-14 16:11:32,504 [   3365] [main]  DEBUG - ru.poscenter.jpos.scale.ScaleService - State changing from JPOS_S_IDLE to JPOS_S_CLOSED
2026-05-14 16:11:32,504 [   3365] [main]  DEBUG - ru.poscenter.jpos.scale.ScaleService - close: OK
2026-05-14 16:11:32,505 [   3366] [main]  DEBUG - ru.poscenter.jpos.scale.ScaleService - open(TestScale, ru.poscenter.jpos.scale.ScaleServiceTest$TestEventCallbacksWithHandler@1c1bbc4e)
2026-05-14 16:11:32,505 [   3366] [main]  DEBUG - ru.poscenter.jpos.scale.ScaleService - State changing from JPOS_S_CLOSED to JPOS_S_IDLE
2026-05-14 16:11:32,505 [   3366] [main]  DEBUG - ru.poscenter.jpos.scale.ScaleService - open: OK
2026-05-14 16:11:32,505 [   3366] [main]  DEBUG - ru.poscenter.jpos.scale.ScaleService - setPollEnabled(false)
2026-05-14 16:11:32,505 [   3366] [main]  DEBUG - ru.poscenter.jpos.scale.ScaleService - setPollEnabled: OK
2026-05-14 16:11:32,505 [   3366] [main]  DEBUG - ru.poscenter.jpos.scale.ScaleService - setPowerNotify(0)
2026-05-14 16:11:32,505 [   3366] [main]  DEBUG - ru.poscenter.jpos.scale.ScaleService - setPowerNotify: OK
2026-05-14 16:11:32,505 [   3366] [main]  DEBUG - ru.poscenter.jpos.scale.ScaleService - setDataEventEnabled(true)
2026-05-14 16:11:32,505 [   3366] [main]  DEBUG - ru.poscenter.jpos.scale.ScaleService - setDataEventEnabled: OK
2026-05-14 16:11:32,505 [   3366] [main]  DEBUG - ru.poscenter.jpos.scale.ScaleService - claim(0)
2026-05-14 16:11:32,505 [   3366] [main]  DEBUG - ru.poscenter.scale.ScaleSerial - setParam(OpenTimeout: 0)
2026-05-14 16:11:32,505 [   3366] [ScaleEventThread]  DEBUG - ru.poscenter.jpos.scale.ScaleService - Event thread started
2026-05-14 16:11:32,505 [   3366] [main]   INFO - ru.poscenter.jpos.scale.ScaleService - ChannelParams: minWeight=0g, maxWeight=0g
2026-05-14 16:11:32,506 [   3367] [main]   INFO - ru.poscenter.jpos.scale.ScaleService - ChannelParams details:
Флаги              : 0000
Десятичная точка   : 0
Степень            : 0
Тип канала         : < тензоканал >
Выборка массы тары : < нет >
Максимальный вес   : 0,000 кг
Минимальный вес    : 0,000 кг
Максимальная тара  : 0,000 кг
Количество градуировочных точек: 0
2026-05-14 16:11:32,506 [   3367] [main]  DEBUG - ru.poscenter.jpos.scale.ScaleService - null
Тип: 0.0, версия: 0.0
Модель: 0, язык: 0
2026-05-14 16:11:32,506 [   3367] [main]  DEBUG - ru.poscenter.jpos.scale.ScaleService - claim: OK, statistics initialized
2026-05-14 16:11:32,506 [   3367] [main]  DEBUG - ru.poscenter.jpos.scale.ScaleService - setDeviceEnabled(true)
2026-05-14 16:11:32,506 [   3367] [main]  DEBUG - ru.poscenter.jpos.scale.ScaleService - setDeviceEnabled: device enabled
2026-05-14 16:11:32,506 [   3367] [main]  DEBUG - ru.poscenter.jpos.scale.ScaleService - setDeviceEnabled: OK
2026-05-14 16:11:32,506 [   3367] [main]  DEBUG - ru.poscenter.jpos.scale.ScaleService - setAsyncMode(false)
2026-05-14 16:11:32,506 [   3367] [main]  DEBUG - ru.poscenter.jpos.scale.ScaleService - setAsyncMode: no change
2026-05-14 16:11:32,607 [   3468] [main]  DEBUG - ru.poscenter.jpos.scale.ScaleService - setSpecialTare(mode=2, data=750)
2026-05-14 16:11:32,607 [   3468] [main]  DEBUG - ru.poscenter.jpos.scale.ScaleService - close()
2026-05-14 16:11:32,607 [   3468] [main]  DEBUG - ru.poscenter.jpos.scale.ScaleService - getDeviceEnabled
2026-05-14 16:11:32,607 [   3468] [main]  DEBUG - ru.poscenter.jpos.scale.ScaleService - getDeviceEnabled: true
2026-05-14 16:11:32,607 [   3468] [main]  DEBUG - ru.poscenter.jpos.scale.ScaleService - setDeviceEnabled(false)
2026-05-14 16:11:32,607 [   3468] [main]  DEBUG - ru.poscenter.jpos.scale.ScaleService - setDeviceEnabled: device disabled
2026-05-14 16:11:32,607 [   3468] [main]  DEBUG - ru.poscenter.jpos.scale.ScaleService - setDeviceEnabled: OK
2026-05-14 16:11:32,607 [   3468] [main]  DEBUG - ru.poscenter.jpos.scale.ScaleService - release()
2026-05-14 16:11:32,607 [   3468] [main]  DEBUG - ru.poscenter.jpos.scale.ScaleService - release: OK
2026-05-14 16:11:32,607 [   3468] [ScaleEventThread]  DEBUG - ru.poscenter.jpos.scale.ScaleService - Event thread interrupted
2026-05-14 16:11:32,608 [   3469] [ScaleEventThread]  DEBUG - ru.poscenter.jpos.scale.ScaleService - Event thread stopped
2026-05-14 16:11:32,608 [   3469] [main]  DEBUG - ru.poscenter.jpos.scale.ScaleService - Event thread stopped
2026-05-14 16:11:32,608 [   3469] [main]  DEBUG - ru.poscenter.jpos.scale.ScaleService - State changing from JPOS_S_IDLE to JPOS_S_CLOSED
2026-05-14 16:11:32,608 [   3469] [main]  DEBUG - ru.poscenter.jpos.scale.ScaleService - close: OK
2026-05-14 16:11:32,609 [   3470] [main]  DEBUG - ru.poscenter.jpos.scale.ScaleService - open(TestScale, ru.poscenter.jpos.scale.ScaleServiceTest$TestEventCallbacksWithHandler@fbd1f6)
2026-05-14 16:11:32,609 [   3470] [main]  DEBUG - ru.poscenter.jpos.scale.ScaleService - State changing from JPOS_S_CLOSED to JPOS_S_IDLE
2026-05-14 16:11:32,610 [   3471] [main]  DEBUG - ru.poscenter.jpos.scale.ScaleService - open: OK
2026-05-14 16:11:32,610 [   3471] [main]  DEBUG - ru.poscenter.jpos.scale.ScaleService - claim(0)
2026-05-14 16:11:32,610 [   3471] [main]  DEBUG - ru.poscenter.scale.ScaleSerial - setParam(OpenTimeout: 0)
2026-05-14 16:11:32,610 [   3471] [main]   INFO - ru.poscenter.jpos.scale.ScaleService - ChannelParams: minWeight=0g, maxWeight=0g
2026-05-14 16:11:32,610 [   3471] [main]   INFO - ru.poscenter.jpos.scale.ScaleService - ChannelParams details:
Флаги              : 0000
Десятичная точка   : 0
Степень            : 0
Тип канала         : < тензоканал >
Выборка массы тары : < нет >
Максимальный вес   : 0,000 кг
Минимальный вес    : 0,000 кг
Максимальная тара  : 0,000 кг
Количество градуировочных точек: 0
2026-05-14 16:11:32,610 [   3471] [ScaleEventThread]  DEBUG - ru.poscenter.jpos.scale.ScaleService - Event thread started
2026-05-14 16:11:32,610 [   3471] [main]  DEBUG - ru.poscenter.jpos.scale.ScaleService - null
Тип: 0.0, версия: 0.0
Модель: 0, язык: 0
2026-05-14 16:11:32,610 [   3471] [main]  DEBUG - ru.poscenter.jpos.scale.ScaleService - claim: OK, statistics initialized
2026-05-14 16:11:32,610 [   3471] [main]  DEBUG - ru.poscenter.jpos.scale.ScaleService - getMinimumWeight
2026-05-14 16:11:32,610 [   3471] [main]  DEBUG - ru.poscenter.jpos.scale.ScaleService - getMinimumWeight: 0
2026-05-14 16:11:32,610 [   3471] [main]  DEBUG - ru.poscenter.jpos.scale.ScaleService - close()
2026-05-14 16:11:32,610 [   3471] [main]  DEBUG - ru.poscenter.jpos.scale.ScaleService - getDeviceEnabled
2026-05-14 16:11:32,610 [   3471] [main]  DEBUG - ru.poscenter.jpos.scale.ScaleService - getDeviceEnabled: false
2026-05-14 16:11:32,610 [   3471] [main]  DEBUG - ru.poscenter.jpos.scale.ScaleService - release()
2026-05-14 16:11:32,610 [   3471] [main]  DEBUG - ru.poscenter.jpos.scale.ScaleService - release: OK
2026-05-14 16:11:32,610 [   3471] [ScaleEventThread]  DEBUG - ru.poscenter.jpos.scale.ScaleService - Event thread interrupted
2026-05-14 16:11:32,610 [   3471] [ScaleEventThread]  DEBUG - ru.poscenter.jpos.scale.ScaleService - Event thread stopped
2026-05-14 16:11:32,610 [   3471] [main]  DEBUG - ru.poscenter.jpos.scale.ScaleService - Event thread stopped
2026-05-14 16:11:32,610 [   3471] [main]  DEBUG - ru.poscenter.jpos.scale.ScaleService - State changing from JPOS_S_IDLE to JPOS_S_CLOSED
2026-05-14 16:11:32,610 [   3471] [main]  DEBUG - ru.poscenter.jpos.scale.ScaleService - close: OK
2026-05-14 16:11:32,611 [   3472] [main]  DEBUG - ru.poscenter.jpos.scale.ScaleService - open(TestScale, ru.poscenter.jpos.scale.ScaleServiceTest$TestEventCallbacksWithHandler@5dda768f)
2026-05-14 16:11:32,611 [   3472] [main]  DEBUG - ru.poscenter.jpos.scale.ScaleService - State changing from JPOS_S_CLOSED to JPOS_S_IDLE
2026-05-14 16:11:32,611 [   3472] [main]  DEBUG - ru.poscenter.jpos.scale.ScaleService - open: OK
2026-05-14 16:11:32,613 [   3474] [main]  DEBUG - ru.poscenter.jpos.scale.ScaleService - getCapTarePriority
2026-05-14 16:11:32,613 [   3474] [ScaleEventThread]  DEBUG - ru.poscenter.jpos.scale.ScaleService - Event thread started
2026-05-14 16:11:32,613 [   3474] [main]  DEBUG - ru.poscenter.jpos.scale.ScaleService - getCapTarePriority: false
2026-05-14 16:11:32,613 [   3474] [main]  DEBUG - ru.poscenter.jpos.scale.ScaleService - close()
2026-05-14 16:11:32,613 [   3474] [main]  DEBUG - ru.poscenter.jpos.scale.ScaleService - getDeviceEnabled
2026-05-14 16:11:32,613 [   3474] [main]  DEBUG - ru.poscenter.jpos.scale.ScaleService - getDeviceEnabled: false
2026-05-14 16:11:32,613 [   3474] [ScaleEventThread]  DEBUG - ru.poscenter.jpos.scale.ScaleService - Event thread interrupted
2026-05-14 16:11:32,613 [   3474] [ScaleEventThread]  DEBUG - ru.poscenter.jpos.scale.ScaleService - Event thread stopped
2026-05-14 16:11:32,613 [   3474] [main]  DEBUG - ru.poscenter.jpos.scale.ScaleService - Event thread stopped
2026-05-14 16:11:32,613 [   3474] [main]  DEBUG - ru.poscenter.jpos.scale.ScaleService - State changing from JPOS_S_IDLE to JPOS_S_CLOSED
2026-05-14 16:11:32,613 [   3474] [main]  DEBUG - ru.poscenter.jpos.scale.ScaleService - close: OK
2026-05-14 16:11:32,614 [   3475] [main]  DEBUG - ru.poscenter.jpos.scale.ScaleService - open(TestScale, ru.poscenter.jpos.scale.ScaleServiceTest$TestEventCallbacksWithHandler@24269709)
2026-05-14 16:11:32,615 [   3476] [main]  DEBUG - ru.poscenter.jpos.scale.ScaleService - State changing from JPOS_S_CLOSED to JPOS_S_IDLE
2026-05-14 16:11:32,615 [   3476] [main]  DEBUG - ru.poscenter.jpos.scale.ScaleService - open: OK
2026-05-14 16:11:32,615 [   3476] [main]  DEBUG - ru.poscenter.jpos.scale.ScaleService - setPollEnabled(true)
2026-05-14 16:11:32,615 [   3476] [main]  DEBUG - ru.poscenter.jpos.scale.ScaleService - setPollEnabled: OK
2026-05-14 16:11:32,615 [   3476] [main]  DEBUG - ru.poscenter.jpos.scale.ScaleService - setPowerNotify(1)
2026-05-14 16:11:32,615 [   3476] [main]  DEBUG - ru.poscenter.jpos.scale.ScaleService - setPowerNotify: OK
2026-05-14 16:11:32,615 [   3476] [main]  DEBUG - ru.poscenter.jpos.scale.ScaleService - setDataEventEnabled(true)
2026-05-14 16:11:32,615 [   3476] [main]  DEBUG - ru.poscenter.jpos.scale.ScaleService - setDataEventEnabled: OK
2026-05-14 16:11:32,615 [   3476] [main]  DEBUG - ru.poscenter.jpos.scale.ScaleService - claim(0)
2026-05-14 16:11:32,615 [   3476] [ScaleEventThread]  DEBUG - ru.poscenter.jpos.scale.ScaleService - Event thread started
2026-05-14 16:11:32,615 [   3476] [main]  DEBUG - ru.poscenter.scale.ScaleSerial - setParam(OpenTimeout: 0)
2026-05-14 16:11:32,615 [   3476] [main]   INFO - ru.poscenter.jpos.scale.ScaleService - ChannelParams: minWeight=0g, maxWeight=0g
2026-05-14 16:11:32,615 [   3476] [main]   INFO - ru.poscenter.jpos.scale.ScaleService - ChannelParams details:
Флаги              : 0000
Десятичная точка   : 0
Степень            : 0
Тип канала         : < тензоканал >
Выборка массы тары : < нет >
Максимальный вес   : 0,000 кг
Минимальный вес    : 0,000 кг
Максимальная тара  : 0,000 кг
Количество градуировочных точек: 0
2026-05-14 16:11:32,615 [   3476] [main]  DEBUG - ru.poscenter.jpos.scale.ScaleService - null
Тип: 0.0, версия: 0.0
Модель: 0, язык: 0
2026-05-14 16:11:32,615 [   3476] [main]  DEBUG - ru.poscenter.jpos.scale.ScaleService - claim: OK, statistics initialized
2026-05-14 16:11:32,615 [   3476] [main]  DEBUG - ru.poscenter.jpos.scale.ScaleService - setDeviceEnabled(true)
2026-05-14 16:11:32,615 [   3476] [main]  DEBUG - ru.poscenter.jpos.scale.ScaleService - Poll thread started
2026-05-14 16:11:32,615 [   3476] [main]  DEBUG - ru.poscenter.jpos.scale.ScaleService - setDeviceEnabled: device enabled
2026-05-14 16:11:32,615 [   3476] [main]  DEBUG - ru.poscenter.jpos.scale.ScaleService - setDeviceEnabled: OK
2026-05-14 16:11:32,615 [   3476] [main]  DEBUG - ru.poscenter.jpos.scale.ScaleService - setAsyncMode(false)
2026-05-14 16:11:32,615 [   3476] [main]  DEBUG - ru.poscenter.jpos.scale.ScaleService - setAsyncMode: no change
2026-05-14 16:11:32,616 [   3477] [ScalePollThread]  DEBUG - ru.poscenter.jpos.scale.ScaleService - Poll thread started
2026-05-14 16:11:32,639 [   3500] [ScaleEventThread]  DEBUG - ru.poscenter.jpos.scale.ScaleService - fireJposEvent: StatusUpdateEvent
2026-05-14 16:11:32,639 [   3500] [main]  DEBUG - ru.poscenter.jpos.scale.ScaleService - close()
2026-05-14 16:11:32,639 [   3500] [main]  DEBUG - ru.poscenter.jpos.scale.ScaleService - getDeviceEnabled
2026-05-14 16:11:32,639 [   3500] [main]  DEBUG - ru.poscenter.jpos.scale.ScaleService - getDeviceEnabled: true
2026-05-14 16:11:32,639 [   3500] [main]  DEBUG - ru.poscenter.jpos.scale.ScaleService - setDeviceEnabled(false)
2026-05-14 16:11:32,639 [   3500] [ScalePollThread]  DEBUG - ru.poscenter.jpos.scale.ScaleService - Poll thread interrupted
2026-05-14 16:11:32,639 [   3500] [ScalePollThread]  DEBUG - ru.poscenter.jpos.scale.ScaleService - Poll thread stopped
2026-05-14 16:11:32,639 [   3500] [main]  DEBUG - ru.poscenter.jpos.scale.ScaleService - Poll thread stopped
2026-05-14 16:11:32,639 [   3500] [main]  DEBUG - ru.poscenter.jpos.scale.ScaleService - setDeviceEnabled: device disabled
2026-05-14 16:11:32,639 [   3500] [main]  DEBUG - ru.poscenter.jpos.scale.ScaleService - setDeviceEnabled: OK
2026-05-14 16:11:32,639 [   3500] [main]  DEBUG - ru.poscenter.jpos.scale.ScaleService - release()
2026-05-14 16:11:32,639 [   3500] [main]  DEBUG - ru.poscenter.jpos.scale.ScaleService - release: OK
2026-05-14 16:11:32,639 [   3500] [ScaleEventThread]  DEBUG - ru.poscenter.jpos.scale.ScaleService - Event thread interrupted
2026-05-14 16:11:32,639 [   3500] [ScaleEventThread]  DEBUG - ru.poscenter.jpos.scale.ScaleService - Event thread stopped
2026-05-14 16:11:32,640 [   3501] [main]  DEBUG - ru.poscenter.jpos.scale.ScaleService - Event thread stopped
2026-05-14 16:11:32,640 [   3501] [main]  DEBUG - ru.poscenter.jpos.scale.ScaleService - State changing from JPOS_S_IDLE to JPOS_S_CLOSED
2026-05-14 16:11:32,640 [   3501] [main]  DEBUG - ru.poscenter.jpos.scale.ScaleService - close: OK
2026-05-14 16:11:32,640 [   3501] [main]  DEBUG - ru.poscenter.jpos.scale.ScaleService - open(TestScale, ru.poscenter.jpos.scale.ScaleServiceTest$TestEventCallbacksWithHandler@24aed80c)
2026-05-14 16:11:32,640 [   3501] [main]  DEBUG - ru.poscenter.jpos.scale.ScaleService - State changing from JPOS_S_CLOSED to JPOS_S_IDLE
2026-05-14 16:11:32,640 [   3501] [main]  DEBUG - ru.poscenter.jpos.scale.ScaleService - open: OK
2026-05-14 16:11:32,642 [   3503] [main]  DEBUG - ru.poscenter.jpos.scale.ScaleService - setPollEnabled(false)
2026-05-14 16:11:32,642 [   3503] [main]  DEBUG - ru.poscenter.jpos.scale.ScaleService - setPollEnabled: OK
2026-05-14 16:11:32,642 [   3503] [main]  DEBUG - ru.poscenter.jpos.scale.ScaleService - setPowerNotify(0)
2026-05-14 16:11:32,642 [   3503] [main]  DEBUG - ru.poscenter.jpos.scale.ScaleService - setPowerNotify: OK
2026-05-14 16:11:32,642 [   3503] [main]  DEBUG - ru.poscenter.jpos.scale.ScaleService - setDataEventEnabled(true)
2026-05-14 16:11:32,642 [   3503] [main]  DEBUG - ru.poscenter.jpos.scale.ScaleService - setDataEventEnabled: OK
2026-05-14 16:11:32,642 [   3503] [main]  DEBUG - ru.poscenter.jpos.scale.ScaleService - claim(0)
2026-05-14 16:11:32,642 [   3503] [main]  DEBUG - ru.poscenter.scale.ScaleSerial - setParam(OpenTimeout: 0)
2026-05-14 16:11:32,642 [   3503] [main]   INFO - ru.poscenter.jpos.scale.ScaleService - ChannelParams: minWeight=0g, maxWeight=0g
2026-05-14 16:11:32,642 [   3503] [main]   INFO - ru.poscenter.jpos.scale.ScaleService - ChannelParams details:
Флаги              : 0000
Десятичная точка   : 0
Степень            : 0
Тип канала         : < тензоканал >
Выборка массы тары : < нет >
Максимальный вес   : 0,000 кг
Минимальный вес    : 0,000 кг
Максимальная тара  : 0,000 кг
Количество градуировочных точек: 0
2026-05-14 16:11:32,642 [   3503] [main]  DEBUG - ru.poscenter.jpos.scale.ScaleService - null
Тип: 0.0, версия: 0.0
Модель: 0, язык: 0
2026-05-14 16:11:32,642 [   3503] [main]  DEBUG - ru.poscenter.jpos.scale.ScaleService - claim: OK, statistics initialized
2026-05-14 16:11:32,642 [   3503] [main]  DEBUG - ru.poscenter.jpos.scale.ScaleService - setDeviceEnabled(true)
2026-05-14 16:11:32,642 [   3503] [main]  DEBUG - ru.poscenter.jpos.scale.ScaleService - setDeviceEnabled: device enabled
2026-05-14 16:11:32,642 [   3503] [main]  DEBUG - ru.poscenter.jpos.scale.ScaleService - setDeviceEnabled: OK
2026-05-14 16:11:32,642 [   3503] [main]  DEBUG - ru.poscenter.jpos.scale.ScaleService - setAsyncMode(true)
2026-05-14 16:11:32,642 [   3503] [main]  DEBUG - ru.poscenter.jpos.scale.ScaleService - Weight thread started
2026-05-14 16:11:32,642 [   3503] [main]  DEBUG - ru.poscenter.jpos.scale.ScaleService - setAsyncMode: OK
2026-05-14 16:11:32,642 [   3503] [ScaleEventThread]  DEBUG - ru.poscenter.jpos.scale.ScaleService - Event thread started
2026-05-14 16:11:32,643 [   3504] [ScaleWeightThread]  DEBUG - ru.poscenter.jpos.scale.ScaleService - Weight thread started
2026-05-14 16:11:32,748 [   3609] [main]  DEBUG - ru.poscenter.jpos.scale.ScaleService - setZeroValid(true)
2026-05-14 16:11:32,748 [   3609] [main]  DEBUG - ru.poscenter.jpos.scale.ScaleService - setZeroValid: OK
2026-05-14 16:11:32,748 [   3609] [main]  DEBUG - ru.poscenter.jpos.scale.ScaleService - readWeight(null, 3000)
2026-05-14 16:11:32,748 [   3609] [main]  DEBUG - ru.poscenter.jpos.scale.ScaleService - State changing from JPOS_S_IDLE to JPOS_S_BUSY
2026-05-14 16:11:32,748 [   3609] [main]  DEBUG - ru.poscenter.jpos.scale.ScaleService - readWeight: async request queued
2026-05-14 16:11:32,748 [   3609] [ScaleWeightThread]  DEBUG - ru.poscenter.jpos.scale.ScaleService - Processing request #978508707, timeout=3000, retry=0
2026-05-14 16:11:32,748 [   3609] [ScaleWeightThread]  DEBUG - ru.poscenter.jpos.scale.ScaleService - State changing from JPOS_S_BUSY to JPOS_S_ERROR
2026-05-14 16:11:32,748 [   3609] [ScaleWeightThread]  DEBUG - ru.poscenter.jpos.scale.ScaleService - Error event queued for request #978508707, canRetry=true, errorCode=114
2026-05-14 16:11:32,764 [   3625] [ScaleEventThread]  DEBUG - ru.poscenter.jpos.scale.ScaleService - fireJposEvent: ErrorEvent
2026-05-14 16:11:32,764 [   3625] [ScaleEventThread]  DEBUG - ru.poscenter.jpos.scale.ScaleService - handleErrorResponse: response=11
2026-05-14 16:11:32,764 [   3625] [ScaleEventThread]  DEBUG - ru.poscenter.jpos.scale.ScaleService - ER_RETRY received
2026-05-14 16:11:32,764 [   3625] [main]  DEBUG - ru.poscenter.jpos.scale.ScaleService - close()
2026-05-14 16:11:32,764 [   3625] [main]  DEBUG - ru.poscenter.jpos.scale.ScaleService - getDeviceEnabled
2026-05-14 16:11:32,764 [   3625] [main]  DEBUG - ru.poscenter.jpos.scale.ScaleService - getDeviceEnabled: true
2026-05-14 16:11:32,764 [   3625] [main]  DEBUG - ru.poscenter.jpos.scale.ScaleService - setDeviceEnabled(false)
2026-05-14 16:11:32,764 [   3625] [main]  DEBUG - ru.poscenter.jpos.scale.ScaleService - State changing from JPOS_S_ERROR to JPOS_S_IDLE
2026-05-14 16:11:32,764 [   3625] [main]  DEBUG - ru.poscenter.jpos.scale.ScaleService - setAsyncMode(false)
2026-05-14 16:11:32,764 [   3625] [ScaleEventThread]  DEBUG - ru.poscenter.jpos.scale.ScaleService - Retry #1/3 for request #978508707
2026-05-14 16:11:32,764 [   3625] [ScaleWeightThread]  DEBUG - ru.poscenter.jpos.scale.ScaleService - Weight thread interrupted
2026-05-14 16:11:32,764 [   3625] [ScaleWeightThread]  DEBUG - ru.poscenter.jpos.scale.ScaleService - Weight thread stopped
2026-05-14 16:11:32,764 [   3625] [main]  DEBUG - ru.poscenter.jpos.scale.ScaleService - Weight thread stopped
2026-05-14 16:11:32,764 [   3625] [main]  DEBUG - ru.poscenter.jpos.scale.ScaleService - setAsyncMode: OK
2026-05-14 16:11:32,764 [   3625] [main]  DEBUG - ru.poscenter.jpos.scale.ScaleService - setDeviceEnabled: device disabled
2026-05-14 16:11:32,764 [   3625] [main]  DEBUG - ru.poscenter.jpos.scale.ScaleService - setDeviceEnabled: OK
2026-05-14 16:11:32,764 [   3625] [main]  DEBUG - ru.poscenter.jpos.scale.ScaleService - release()
2026-05-14 16:11:32,764 [   3625] [main]  DEBUG - ru.poscenter.jpos.scale.ScaleService - release: OK
2026-05-14 16:11:32,764 [   3625] [ScaleEventThread]  DEBUG - ru.poscenter.jpos.scale.ScaleService - State changing from JPOS_S_IDLE to JPOS_S_BUSY
2026-05-14 16:11:32,764 [   3625] [ScaleEventThread]  DEBUG - ru.poscenter.jpos.scale.ScaleService - Event thread stopped
2026-05-14 16:11:32,764 [   3625] [main]  DEBUG - ru.poscenter.jpos.scale.ScaleService - Event thread stopped
2026-05-14 16:11:32,764 [   3625] [main]  DEBUG - ru.poscenter.jpos.scale.ScaleService - State changing from JPOS_S_BUSY to JPOS_S_CLOSED
2026-05-14 16:11:32,764 [   3625] [main]  DEBUG - ru.poscenter.jpos.scale.ScaleService - close: OK
2026-05-14 16:11:32,766 [   3627] [main]  DEBUG - ru.poscenter.jpos.scale.ScaleService - open(TestScale, ru.poscenter.jpos.scale.ScaleServiceTest$TestEventCallbacksWithHandler@752325ad)
2026-05-14 16:11:32,766 [   3627] [main]  DEBUG - ru.poscenter.jpos.scale.ScaleService - State changing from JPOS_S_CLOSED to JPOS_S_IDLE
2026-05-14 16:11:32,766 [   3627] [main]  DEBUG - ru.poscenter.jpos.scale.ScaleService - open: OK
2026-05-14 16:11:32,766 [   3627] [main]  DEBUG - ru.poscenter.jpos.scale.ScaleService - setPollEnabled(false)
2026-05-14 16:11:32,766 [   3627] [main]  DEBUG - ru.poscenter.jpos.scale.ScaleService - setPollEnabled: OK
2026-05-14 16:11:32,766 [   3627] [main]  DEBUG - ru.poscenter.jpos.scale.ScaleService - setPowerNotify(0)
2026-05-14 16:11:32,766 [   3627] [main]  DEBUG - ru.poscenter.jpos.scale.ScaleService - setPowerNotify: OK
2026-05-14 16:11:32,766 [   3627] [main]  DEBUG - ru.poscenter.jpos.scale.ScaleService - setDataEventEnabled(true)
2026-05-14 16:11:32,766 [   3627] [main]  DEBUG - ru.poscenter.jpos.scale.ScaleService - setDataEventEnabled: OK
2026-05-14 16:11:32,766 [   3627] [main]  DEBUG - ru.poscenter.jpos.scale.ScaleService - claim(0)
2026-05-14 16:11:32,766 [   3627] [main]  DEBUG - ru.poscenter.scale.ScaleSerial - setParam(OpenTimeout: 0)
2026-05-14 16:11:32,766 [   3627] [main]   INFO - ru.poscenter.jpos.scale.ScaleService - ChannelParams: minWeight=0g, maxWeight=0g
2026-05-14 16:11:32,766 [   3627] [main]   INFO - ru.poscenter.jpos.scale.ScaleService - ChannelParams details:
Флаги              : 0000
Десятичная точка   : 0
Степень            : 0
Тип канала         : < тензоканал >
Выборка массы тары : < нет >
Максимальный вес   : 0,000 кг
Минимальный вес    : 0,000 кг
Максимальная тара  : 0,000 кг
Количество градуировочных точек: 0
2026-05-14 16:11:32,767 [   3628] [main]  DEBUG - ru.poscenter.jpos.scale.ScaleService - null
Тип: 0.0, версия: 0.0
Модель: 0, язык: 0
2026-05-14 16:11:32,767 [   3628] [main]  DEBUG - ru.poscenter.jpos.scale.ScaleService - claim: OK, statistics initialized
2026-05-14 16:11:32,767 [   3628] [main]  DEBUG - ru.poscenter.jpos.scale.ScaleService - setDeviceEnabled(true)
2026-05-14 16:11:32,767 [   3628] [main]  DEBUG - ru.poscenter.jpos.scale.ScaleService - setDeviceEnabled: device enabled
2026-05-14 16:11:32,767 [   3628] [main]  DEBUG - ru.poscenter.jpos.scale.ScaleService - setDeviceEnabled: OK
2026-05-14 16:11:32,767 [   3628] [main]  DEBUG - ru.poscenter.jpos.scale.ScaleService - setAsyncMode(false)
2026-05-14 16:11:32,767 [   3628] [main]  DEBUG - ru.poscenter.jpos.scale.ScaleService - setAsyncMode: no change
2026-05-14 16:11:32,767 [   3628] [ScaleEventThread]  DEBUG - ru.poscenter.jpos.scale.ScaleService - Event thread started
2026-05-14 16:11:32,873 [   3734] [main]  DEBUG - ru.poscenter.jpos.scale.ScaleService - setSpecialTare(mode=4, data=0)
2026-05-14 16:11:32,873 [   3734] [main]  DEBUG - ru.poscenter.jpos.scale.ScaleService - close()
2026-05-14 16:11:32,873 [   3734] [main]  DEBUG - ru.poscenter.jpos.scale.ScaleService - getDeviceEnabled
2026-05-14 16:11:32,873 [   3734] [main]  DEBUG - ru.poscenter.jpos.scale.ScaleService - getDeviceEnabled: true
2026-05-14 16:11:32,873 [   3734] [main]  DEBUG - ru.poscenter.jpos.scale.ScaleService - setDeviceEnabled(false)
2026-05-14 16:11:32,873 [   3734] [main]  DEBUG - ru.poscenter.jpos.scale.ScaleService - setDeviceEnabled: device disabled
2026-05-14 16:11:32,873 [   3734] [main]  DEBUG - ru.poscenter.jpos.scale.ScaleService - setDeviceEnabled: OK
2026-05-14 16:11:32,873 [   3734] [main]  DEBUG - ru.poscenter.jpos.scale.ScaleService - release()
2026-05-14 16:11:32,873 [   3734] [main]  DEBUG - ru.poscenter.jpos.scale.ScaleService - release: OK
2026-05-14 16:11:32,873 [   3734] [ScaleEventThread]  DEBUG - ru.poscenter.jpos.scale.ScaleService - Event thread interrupted
2026-05-14 16:11:32,873 [   3734] [ScaleEventThread]  DEBUG - ru.poscenter.jpos.scale.ScaleService - Event thread stopped
2026-05-14 16:11:32,873 [   3734] [main]  DEBUG - ru.poscenter.jpos.scale.ScaleService - Event thread stopped
2026-05-14 16:11:32,873 [   3734] [main]  DEBUG - ru.poscenter.jpos.scale.ScaleService - State changing from JPOS_S_IDLE to JPOS_S_CLOSED
2026-05-14 16:11:32,874 [   3735] [main]  DEBUG - ru.poscenter.jpos.scale.ScaleService - close: OK
2026-05-14 16:11:32,875 [   3736] [main]  DEBUG - ru.poscenter.jpos.scale.ScaleService - open(TestScale, ru.poscenter.jpos.scale.ScaleServiceTest$TestEventCallbacksWithHandler@b3ca52e)
2026-05-14 16:11:32,876 [   3737] [main]  DEBUG - ru.poscenter.jpos.scale.ScaleService - State changing from JPOS_S_CLOSED to JPOS_S_IDLE
2026-05-14 16:11:32,876 [   3737] [main]  DEBUG - ru.poscenter.jpos.scale.ScaleService - open: OK
2026-05-14 16:11:32,876 [   3737] [main]  DEBUG - ru.poscenter.jpos.scale.ScaleService - setPollEnabled(true)
2026-05-14 16:11:32,876 [   3737] [main]  DEBUG - ru.poscenter.jpos.scale.ScaleService - setPollEnabled: OK
2026-05-14 16:11:32,876 [   3737] [main]  DEBUG - ru.poscenter.jpos.scale.ScaleService - getPollEnabled
2026-05-14 16:11:32,876 [   3737] [main]  DEBUG - ru.poscenter.jpos.scale.ScaleService - getPollEnabled: true
2026-05-14 16:11:32,876 [   3737] [main]  DEBUG - ru.poscenter.jpos.scale.ScaleService - setPollEnabled(false)
2026-05-14 16:11:32,876 [   3737] [main]  DEBUG - ru.poscenter.jpos.scale.ScaleService - setPollEnabled: OK
2026-05-14 16:11:32,876 [   3737] [main]  DEBUG - ru.poscenter.jpos.scale.ScaleService - getPollEnabled
2026-05-14 16:11:32,876 [   3737] [main]  DEBUG - ru.poscenter.jpos.scale.ScaleService - getPollEnabled: false
2026-05-14 16:11:32,876 [   3737] [main]  DEBUG - ru.poscenter.jpos.scale.ScaleService - close()
2026-05-14 16:11:32,876 [   3737] [main]  DEBUG - ru.poscenter.jpos.scale.ScaleService - getDeviceEnabled
2026-05-14 16:11:32,876 [   3737] [main]  DEBUG - ru.poscenter.jpos.scale.ScaleService - getDeviceEnabled: false
2026-05-14 16:11:32,876 [   3737] [ScaleEventThread]  DEBUG - ru.poscenter.jpos.scale.ScaleService - Event thread started
2026-05-14 16:11:32,876 [   3737] [ScaleEventThread]  DEBUG - ru.poscenter.jpos.scale.ScaleService - Event thread stopped
2026-05-14 16:11:32,876 [   3737] [main]  DEBUG - ru.poscenter.jpos.scale.ScaleService - Event thread stopped
2026-05-14 16:11:32,876 [   3737] [main]  DEBUG - ru.poscenter.jpos.scale.ScaleService - State changing from JPOS_S_IDLE to JPOS_S_CLOSED
2026-05-14 16:11:32,876 [   3737] [main]  DEBUG - ru.poscenter.jpos.scale.ScaleService - close: OK
2026-05-14 16:11:32,876 [   3737] [main]  DEBUG - ru.poscenter.jpos.scale.ScaleService - open(TestScale, ru.poscenter.jpos.scale.ScaleServiceTest$TestEventCallbacksWithHandler@2925bf5b)
2026-05-14 16:11:32,878 [   3739] [main]  DEBUG - ru.poscenter.jpos.scale.ScaleService - State changing from JPOS_S_CLOSED to JPOS_S_IDLE
2026-05-14 16:11:32,878 [   3739] [main]  DEBUG - ru.poscenter.jpos.scale.ScaleService - open: OK
2026-05-14 16:11:32,878 [   3739] [main]  DEBUG - ru.poscenter.jpos.scale.ScaleService - setPollEnabled(false)
2026-05-14 16:11:32,878 [   3739] [main]  DEBUG - ru.poscenter.jpos.scale.ScaleService - setPollEnabled: OK
2026-05-14 16:11:32,878 [   3739] [main]  DEBUG - ru.poscenter.jpos.scale.ScaleService - setPowerNotify(0)
2026-05-14 16:11:32,878 [   3739] [main]  DEBUG - ru.poscenter.jpos.scale.ScaleService - setPowerNotify: OK
2026-05-14 16:11:32,878 [   3739] [main]  DEBUG - ru.poscenter.jpos.scale.ScaleService - setDataEventEnabled(true)
2026-05-14 16:11:32,878 [   3739] [main]  DEBUG - ru.poscenter.jpos.scale.ScaleService - setDataEventEnabled: OK
2026-05-14 16:11:32,878 [   3739] [main]  DEBUG - ru.poscenter.jpos.scale.ScaleService - claim(0)
2026-05-14 16:11:32,878 [   3739] [main]  DEBUG - ru.poscenter.scale.ScaleSerial - setParam(OpenTimeout: 0)
2026-05-14 16:11:32,878 [   3739] [main]   INFO - ru.poscenter.jpos.scale.ScaleService - ChannelParams: minWeight=0g, maxWeight=0g
2026-05-14 16:11:32,878 [   3739] [ScaleEventThread]  DEBUG - ru.poscenter.jpos.scale.ScaleService - Event thread started
2026-05-14 16:11:32,878 [   3739] [main]   INFO - ru.poscenter.jpos.scale.ScaleService - ChannelParams details:
Флаги              : 0000
Десятичная точка   : 0
Степень            : 0
Тип канала         : < тензоканал >
Выборка массы тары : < нет >
Максимальный вес   : 0,000 кг
Минимальный вес    : 0,000 кг
Максимальная тара  : 0,000 кг
Количество градуировочных точек: 0
2026-05-14 16:11:32,878 [   3739] [main]  DEBUG - ru.poscenter.jpos.scale.ScaleService - null
Тип: 0.0, версия: 0.0
Модель: 0, язык: 0
2026-05-14 16:11:32,878 [   3739] [main]  DEBUG - ru.poscenter.jpos.scale.ScaleService - claim: OK, statistics initialized
2026-05-14 16:11:32,878 [   3739] [main]  DEBUG - ru.poscenter.jpos.scale.ScaleService - setDeviceEnabled(true)
2026-05-14 16:11:32,878 [   3739] [main]  DEBUG - ru.poscenter.jpos.scale.ScaleService - setDeviceEnabled: device enabled
2026-05-14 16:11:32,878 [   3739] [main]  DEBUG - ru.poscenter.jpos.scale.ScaleService - setDeviceEnabled: OK
2026-05-14 16:11:32,878 [   3739] [main]  DEBUG - ru.poscenter.jpos.scale.ScaleService - setAsyncMode(false)
2026-05-14 16:11:32,878 [   3739] [main]  DEBUG - ru.poscenter.jpos.scale.ScaleService - setAsyncMode: no change
2026-05-14 16:11:32,984 [   3845] [main]  DEBUG - ru.poscenter.jpos.scale.ScaleService - setTareWeight(200)
2026-05-14 16:11:32,984 [   3845] [main]  DEBUG - ru.poscenter.jpos.scale.ScaleService - getCapTareWeight
2026-05-14 16:11:32,984 [   3845] [main]  DEBUG - ru.poscenter.jpos.scale.ScaleService - getCapTareWeight: true
2026-05-14 16:11:32,984 [   3845] [main]  DEBUG - ru.poscenter.jpos.scale.ScaleService - setTareWeight: OK
2026-05-14 16:11:32,984 [   3845] [main]  DEBUG - ru.poscenter.jpos.scale.ScaleService - doPriceCalculating(timeout=5000)
2026-05-14 16:11:32,984 [   3845] [main]  DEBUG - ru.poscenter.jpos.scale.ScaleService - getCapPriceCalculating
2026-05-14 16:11:32,984 [   3845] [main]  DEBUG - ru.poscenter.jpos.scale.ScaleService - getCapPriceCalculating: false
2026-05-14 16:11:32,984 [   3845] [main]  DEBUG - ru.poscenter.jpos.scale.ScaleService - doPriceCalculating: OK, weight=1234, price=0
2026-05-14 16:11:32,984 [   3845] [main]  DEBUG - ru.poscenter.jpos.scale.ScaleService - close()
2026-05-14 16:11:32,984 [   3845] [main]  DEBUG - ru.poscenter.jpos.scale.ScaleService - getDeviceEnabled
2026-05-14 16:11:32,984 [   3845] [main]  DEBUG - ru.poscenter.jpos.scale.ScaleService - getDeviceEnabled: true
2026-05-14 16:11:32,984 [   3845] [main]  DEBUG - ru.poscenter.jpos.scale.ScaleService - setDeviceEnabled(false)
2026-05-14 16:11:32,984 [   3845] [main]  DEBUG - ru.poscenter.jpos.scale.ScaleService - setDeviceEnabled: device disabled
2026-05-14 16:11:32,984 [   3845] [main]  DEBUG - ru.poscenter.jpos.scale.ScaleService - setDeviceEnabled: OK
2026-05-14 16:11:32,984 [   3845] [main]  DEBUG - ru.poscenter.jpos.scale.ScaleService - release()
2026-05-14 16:11:32,984 [   3845] [main]  DEBUG - ru.poscenter.jpos.scale.ScaleService - release: OK
2026-05-14 16:11:32,984 [   3845] [ScaleEventThread]  DEBUG - ru.poscenter.jpos.scale.ScaleService - Event thread interrupted
2026-05-14 16:11:32,984 [   3845] [ScaleEventThread]  DEBUG - ru.poscenter.jpos.scale.ScaleService - Event thread stopped
2026-05-14 16:11:32,984 [   3845] [main]  DEBUG - ru.poscenter.jpos.scale.ScaleService - Event thread stopped
2026-05-14 16:11:32,984 [   3845] [main]  DEBUG - ru.poscenter.jpos.scale.ScaleService - State changing from JPOS_S_IDLE to JPOS_S_CLOSED
2026-05-14 16:11:32,984 [   3845] [main]  DEBUG - ru.poscenter.jpos.scale.ScaleService - close: OK
2026-05-14 16:11:32,986 [   3847] [main]  DEBUG - ru.poscenter.jpos.scale.ScaleService - open(TestScale, ru.poscenter.jpos.scale.ScaleServiceTest$TestEventCallbacksWithHandler@1ff4931d)
2026-05-14 16:11:32,986 [   3847] [main]  DEBUG - ru.poscenter.jpos.scale.ScaleService - State changing from JPOS_S_CLOSED to JPOS_S_IDLE
2026-05-14 16:11:32,986 [   3847] [main]  DEBUG - ru.poscenter.jpos.scale.ScaleService - open: OK
2026-05-14 16:11:32,986 [   3847] [main]  DEBUG - ru.poscenter.jpos.scale.ScaleService - setPollEnabled(false)
2026-05-14 16:11:32,986 [   3847] [main]  DEBUG - ru.poscenter.jpos.scale.ScaleService - setPollEnabled: OK
2026-05-14 16:11:32,986 [   3847] [main]  DEBUG - ru.poscenter.jpos.scale.ScaleService - setPowerNotify(0)
2026-05-14 16:11:32,986 [   3847] [main]  DEBUG - ru.poscenter.jpos.scale.ScaleService - setPowerNotify: OK
2026-05-14 16:11:32,986 [   3847] [main]  DEBUG - ru.poscenter.jpos.scale.ScaleService - setDataEventEnabled(true)
2026-05-14 16:11:32,986 [   3847] [main]  DEBUG - ru.poscenter.jpos.scale.ScaleService - setDataEventEnabled: OK
2026-05-14 16:11:32,986 [   3847] [main]  DEBUG - ru.poscenter.jpos.scale.ScaleService - claim(0)
2026-05-14 16:11:32,986 [   3847] [main]  DEBUG - ru.poscenter.scale.ScaleSerial - setParam(OpenTimeout: 0)
2026-05-14 16:11:32,986 [   3847] [main]   INFO - ru.poscenter.jpos.scale.ScaleService - ChannelParams: minWeight=0g, maxWeight=0g
2026-05-14 16:11:32,986 [   3847] [ScaleEventThread]  DEBUG - ru.poscenter.jpos.scale.ScaleService - Event thread started
2026-05-14 16:11:32,986 [   3847] [main]   INFO - ru.poscenter.jpos.scale.ScaleService - ChannelParams details:
Флаги              : 0000
Десятичная точка   : 0
Степень            : 0
Тип канала         : < тензоканал >
Выборка массы тары : < нет >
Максимальный вес   : 0,000 кг
Минимальный вес    : 0,000 кг
Максимальная тара  : 0,000 кг
Количество градуировочных точек: 0
2026-05-14 16:11:32,986 [   3847] [main]  DEBUG - ru.poscenter.jpos.scale.ScaleService - null
Тип: 0.0, версия: 0.0
Модель: 0, язык: 0
2026-05-14 16:11:32,986 [   3847] [main]  DEBUG - ru.poscenter.jpos.scale.ScaleService - claim: OK, statistics initialized
2026-05-14 16:11:32,986 [   3847] [main]  DEBUG - ru.poscenter.jpos.scale.ScaleService - setDeviceEnabled(true)
2026-05-14 16:11:32,986 [   3847] [main]  DEBUG - ru.poscenter.jpos.scale.ScaleService - setDeviceEnabled: device enabled
2026-05-14 16:11:32,987 [   3848] [main]  DEBUG - ru.poscenter.jpos.scale.ScaleService - setDeviceEnabled: OK
2026-05-14 16:11:32,987 [   3848] [main]  DEBUG - ru.poscenter.jpos.scale.ScaleService - setAsyncMode(false)
2026-05-14 16:11:32,987 [   3848] [main]  DEBUG - ru.poscenter.jpos.scale.ScaleService - setAsyncMode: no change
2026-05-14 16:11:33,094 [   3955] [main]  DEBUG - ru.poscenter.jpos.scale.ScaleService - setUnitPriceWithWeightUnit(unitPrice=25500, weightUnit=1, weightNumerator=100, weightDenominator=1)
2026-05-14 16:11:33,094 [   3955] [main]  DEBUG - ru.poscenter.jpos.scale.ScaleService - close()
2026-05-14 16:11:33,094 [   3955] [main]  DEBUG - ru.poscenter.jpos.scale.ScaleService - getDeviceEnabled
2026-05-14 16:11:33,094 [   3955] [main]  DEBUG - ru.poscenter.jpos.scale.ScaleService - getDeviceEnabled: true
2026-05-14 16:11:33,094 [   3955] [main]  DEBUG - ru.poscenter.jpos.scale.ScaleService - setDeviceEnabled(false)
2026-05-14 16:11:33,094 [   3955] [main]  DEBUG - ru.poscenter.jpos.scale.ScaleService - setDeviceEnabled: device disabled
2026-05-14 16:11:33,094 [   3955] [main]  DEBUG - ru.poscenter.jpos.scale.ScaleService - setDeviceEnabled: OK
2026-05-14 16:11:33,094 [   3955] [main]  DEBUG - ru.poscenter.jpos.scale.ScaleService - release()
2026-05-14 16:11:33,094 [   3955] [main]  DEBUG - ru.poscenter.jpos.scale.ScaleService - release: OK
2026-05-14 16:11:33,094 [   3955] [ScaleEventThread]  DEBUG - ru.poscenter.jpos.scale.ScaleService - Event thread interrupted
2026-05-14 16:11:33,094 [   3955] [ScaleEventThread]  DEBUG - ru.poscenter.jpos.scale.ScaleService - Event thread stopped
2026-05-14 16:11:33,094 [   3955] [main]  DEBUG - ru.poscenter.jpos.scale.ScaleService - Event thread stopped
2026-05-14 16:11:33,094 [   3955] [main]  DEBUG - ru.poscenter.jpos.scale.ScaleService - State changing from JPOS_S_IDLE to JPOS_S_CLOSED
2026-05-14 16:11:33,094 [   3955] [main]  DEBUG - ru.poscenter.jpos.scale.ScaleService - close: OK
2026-05-14 16:11:33,096 [   3957] [main]  DEBUG - ru.poscenter.jpos.scale.ScaleService - open(TestScale, ru.poscenter.jpos.scale.ScaleServiceTest$TestEventCallbacksWithHandler@61322f9d)
2026-05-14 16:11:33,097 [   3958] [main]  DEBUG - ru.poscenter.jpos.scale.ScaleService - State changing from JPOS_S_CLOSED to JPOS_S_IDLE
2026-05-14 16:11:33,097 [   3958] [main]  DEBUG - ru.poscenter.jpos.scale.ScaleService - open: OK
2026-05-14 16:11:33,097 [   3958] [main]  DEBUG - ru.poscenter.jpos.scale.ScaleService - setPollEnabled(false)
2026-05-14 16:11:33,097 [   3958] [main]  DEBUG - ru.poscenter.jpos.scale.ScaleService - setPollEnabled: OK
2026-05-14 16:11:33,097 [   3958] [main]  DEBUG - ru.poscenter.jpos.scale.ScaleService - setPowerNotify(0)
2026-05-14 16:11:33,097 [   3958] [main]  DEBUG - ru.poscenter.jpos.scale.ScaleService - setPowerNotify: OK
2026-05-14 16:11:33,097 [   3958] [main]  DEBUG - ru.poscenter.jpos.scale.ScaleService - setDataEventEnabled(true)
2026-05-14 16:11:33,097 [   3958] [main]  DEBUG - ru.poscenter.jpos.scale.ScaleService - setDataEventEnabled: OK
2026-05-14 16:11:33,097 [   3958] [main]  DEBUG - ru.poscenter.jpos.scale.ScaleService - claim(0)
2026-05-14 16:11:33,097 [   3958] [main]  DEBUG - ru.poscenter.scale.ScaleSerial - setParam(OpenTimeout: 0)
2026-05-14 16:11:33,097 [   3958] [main]   INFO - ru.poscenter.jpos.scale.ScaleService - ChannelParams: minWeight=0g, maxWeight=0g
2026-05-14 16:11:33,097 [   3958] [ScaleEventThread]  DEBUG - ru.poscenter.jpos.scale.ScaleService - Event thread started
2026-05-14 16:11:33,097 [   3958] [main]   INFO - ru.poscenter.jpos.scale.ScaleService - ChannelParams details:
Флаги              : 0000
Десятичная точка   : 0
Степень            : 0
Тип канала         : < тензоканал >
Выборка массы тары : < нет >
Максимальный вес   : 0,000 кг
Минимальный вес    : 0,000 кг
Максимальная тара  : 0,000 кг
Количество градуировочных точек: 0
2026-05-14 16:11:33,098 [   3959] [main]  DEBUG - ru.poscenter.jpos.scale.ScaleService - null
Тип: 0.0, версия: 0.0
Модель: 0, язык: 0
2026-05-14 16:11:33,098 [   3959] [main]  DEBUG - ru.poscenter.jpos.scale.ScaleService - claim: OK, statistics initialized
2026-05-14 16:11:33,098 [   3959] [main]  DEBUG - ru.poscenter.jpos.scale.ScaleService - setDeviceEnabled(true)
2026-05-14 16:11:33,098 [   3959] [main]  DEBUG - ru.poscenter.jpos.scale.ScaleService - setDeviceEnabled: device enabled
2026-05-14 16:11:33,098 [   3959] [main]  DEBUG - ru.poscenter.jpos.scale.ScaleService - setDeviceEnabled: OK
2026-05-14 16:11:33,098 [   3959] [main]  DEBUG - ru.poscenter.jpos.scale.ScaleService - setAsyncMode(true)
2026-05-14 16:11:33,098 [   3959] [main]  DEBUG - ru.poscenter.jpos.scale.ScaleService - Weight thread started
2026-05-14 16:11:33,098 [   3959] [main]  DEBUG - ru.poscenter.jpos.scale.ScaleService - setAsyncMode: OK
2026-05-14 16:11:33,098 [   3959] [ScaleWeightThread]  DEBUG - ru.poscenter.jpos.scale.ScaleService - Weight thread started
2026-05-14 16:11:33,204 [   4065] [main]  DEBUG - ru.poscenter.jpos.scale.ScaleService - setTareWeight(200)
2026-05-14 16:11:33,204 [   4065] [main]  DEBUG - ru.poscenter.jpos.scale.ScaleService - getCapTareWeight
2026-05-14 16:11:33,204 [   4065] [main]  DEBUG - ru.poscenter.jpos.scale.ScaleService - getCapTareWeight: true
2026-05-14 16:11:33,204 [   4065] [main]  DEBUG - ru.poscenter.jpos.scale.ScaleService - setTareWeight: OK
2026-05-14 16:11:33,204 [   4065] [main]  DEBUG - ru.poscenter.jpos.scale.ScaleService - doPriceCalculating(timeout=5000)
2026-05-14 16:11:33,204 [   4065] [main]  DEBUG - ru.poscenter.jpos.scale.ScaleService - State changing from JPOS_S_IDLE to JPOS_S_BUSY
2026-05-14 16:11:33,204 [   4065] [main]  DEBUG - ru.poscenter.jpos.scale.ScaleService - doPriceCalculating: async request queued
2026-05-14 16:11:33,204 [   4065] [ScaleWeightThread]  DEBUG - ru.poscenter.jpos.scale.ScaleService - Processing request #1792550665, timeout=5000, retry=0
2026-05-14 16:11:33,204 [   4065] [ScaleWeightThread]  DEBUG - ru.poscenter.jpos.scale.ScaleService - State changing from JPOS_S_BUSY to JPOS_S_IDLE
2026-05-14 16:11:33,204 [   4065] [ScaleWeightThread]  DEBUG - ru.poscenter.jpos.scale.ScaleService - Weight request processed, weight=1234
2026-05-14 16:11:33,220 [   4081] [ScaleEventThread]  DEBUG - ru.poscenter.jpos.scale.ScaleService - fireJposEvent: DataEvent
2026-05-14 16:11:33,220 [   4081] [main]  DEBUG - ru.poscenter.jpos.scale.ScaleService - close()
2026-05-14 16:11:33,220 [   4081] [main]  DEBUG - ru.poscenter.jpos.scale.ScaleService - getDeviceEnabled
2026-05-14 16:11:33,220 [   4081] [main]  DEBUG - ru.poscenter.jpos.scale.ScaleService - getDeviceEnabled: true
2026-05-14 16:11:33,220 [   4081] [main]  DEBUG - ru.poscenter.jpos.scale.ScaleService - setDeviceEnabled(false)
2026-05-14 16:11:33,220 [   4081] [main]  DEBUG - ru.poscenter.jpos.scale.ScaleService - setAsyncMode(false)
2026-05-14 16:11:33,220 [   4081] [ScaleWeightThread]  DEBUG - ru.poscenter.jpos.scale.ScaleService - Weight thread interrupted
2026-05-14 16:11:33,220 [   4081] [ScaleWeightThread]  DEBUG - ru.poscenter.jpos.scale.ScaleService - Weight thread stopped
2026-05-14 16:11:33,220 [   4081] [main]  DEBUG - ru.poscenter.jpos.scale.ScaleService - Weight thread stopped
2026-05-14 16:11:33,220 [   4081] [main]  DEBUG - ru.poscenter.jpos.scale.ScaleService - setAsyncMode: OK
2026-05-14 16:11:33,220 [   4081] [main]  DEBUG - ru.poscenter.jpos.scale.ScaleService - setDeviceEnabled: device disabled
2026-05-14 16:11:33,220 [   4081] [main]  DEBUG - ru.poscenter.jpos.scale.ScaleService - setDeviceEnabled: OK
2026-05-14 16:11:33,220 [   4081] [main]  DEBUG - ru.poscenter.jpos.scale.ScaleService - release()
2026-05-14 16:11:33,220 [   4081] [main]  DEBUG - ru.poscenter.jpos.scale.ScaleService - release: OK
2026-05-14 16:11:33,221 [   4082] [ScaleEventThread]  DEBUG - ru.poscenter.jpos.scale.ScaleService - Event thread interrupted
2026-05-14 16:11:33,221 [   4082] [ScaleEventThread]  DEBUG - ru.poscenter.jpos.scale.ScaleService - Event thread stopped
2026-05-14 16:11:33,221 [   4082] [main]  DEBUG - ru.poscenter.jpos.scale.ScaleService - Event thread stopped
2026-05-14 16:11:33,221 [   4082] [main]  DEBUG - ru.poscenter.jpos.scale.ScaleService - State changing from JPOS_S_IDLE to JPOS_S_CLOSED
2026-05-14 16:11:33,221 [   4082] [main]  DEBUG - ru.poscenter.jpos.scale.ScaleService - close: OK
2026-05-14 16:11:33,222 [   4083] [main]  DEBUG - ru.poscenter.jpos.scale.ScaleService - open(TestScale, ru.poscenter.jpos.scale.ScaleServiceTest$TestEventCallbacksWithHandler@7817fd62)
2026-05-14 16:11:33,222 [   4083] [main]  DEBUG - ru.poscenter.jpos.scale.ScaleService - State changing from JPOS_S_CLOSED to JPOS_S_IDLE
2026-05-14 16:11:33,222 [   4083] [main]  DEBUG - ru.poscenter.jpos.scale.ScaleService - open: OK
2026-05-14 16:11:33,222 [   4083] [main]  DEBUG - ru.poscenter.jpos.scale.ScaleService - claim(0)
2026-05-14 16:11:33,222 [   4083] [main]  DEBUG - ru.poscenter.scale.ScaleSerial - setParam(OpenTimeout: 0)
2026-05-14 16:11:33,222 [   4083] [main]   INFO - ru.poscenter.jpos.scale.ScaleService - ChannelParams: minWeight=0g, maxWeight=0g
2026-05-14 16:11:33,222 [   4083] [ScaleEventThread]  DEBUG - ru.poscenter.jpos.scale.ScaleService - Event thread started
2026-05-14 16:11:33,222 [   4083] [main]   INFO - ru.poscenter.jpos.scale.ScaleService - ChannelParams details:
Флаги              : 0000
Десятичная точка   : 0
Степень            : 0
Тип канала         : < тензоканал >
Выборка массы тары : < нет >
Максимальный вес   : 0,000 кг
Минимальный вес    : 0,000 кг
Максимальная тара  : 0,000 кг
Количество градуировочных точек: 0
2026-05-14 16:11:33,222 [   4083] [main]  DEBUG - ru.poscenter.jpos.scale.ScaleService - null
Тип: 0.0, версия: 0.0
Модель: 0, язык: 0
2026-05-14 16:11:33,222 [   4083] [main]  DEBUG - ru.poscenter.jpos.scale.ScaleService - claim: OK, statistics initialized
2026-05-14 16:11:33,224 [   4085] [main]  DEBUG - ru.poscenter.jpos.scale.ScaleService - zeroScale()
2026-05-14 16:11:33,224 [   4085] [main]  DEBUG - ru.poscenter.jpos.scale.ScaleService - checkEnabled() JPOS_E_DISABLED
2026-05-14 16:11:33,224 [   4085] [main]  DEBUG - ru.poscenter.jpos.scale.ScaleService - open(TestScale, ru.poscenter.jpos.scale.ScaleServiceTest$TestEventCallbacksWithHandler@2362f559)
2026-05-14 16:11:33,225 [   4086] [main]  DEBUG - ru.poscenter.jpos.scale.ScaleService - State changing from JPOS_S_CLOSED to JPOS_S_IDLE
2026-05-14 16:11:33,225 [   4086] [main]  DEBUG - ru.poscenter.jpos.scale.ScaleService - open: OK
2026-05-14 16:11:33,225 [   4086] [main]  DEBUG - ru.poscenter.jpos.scale.ScaleService - setPollEnabled(false)
2026-05-14 16:11:33,225 [   4086] [main]  DEBUG - ru.poscenter.jpos.scale.ScaleService - setPollEnabled: OK
2026-05-14 16:11:33,225 [   4086] [main]  DEBUG - ru.poscenter.jpos.scale.ScaleService - setPowerNotify(0)
2026-05-14 16:11:33,225 [   4086] [main]  DEBUG - ru.poscenter.jpos.scale.ScaleService - setPowerNotify: OK
2026-05-14 16:11:33,225 [   4086] [main]  DEBUG - ru.poscenter.jpos.scale.ScaleService - setDataEventEnabled(true)
2026-05-14 16:11:33,225 [   4086] [main]  DEBUG - ru.poscenter.jpos.scale.ScaleService - setDataEventEnabled: OK
2026-05-14 16:11:33,225 [   4086] [main]  DEBUG - ru.poscenter.jpos.scale.ScaleService - claim(0)
2026-05-14 16:11:33,225 [   4086] [main]  DEBUG - ru.poscenter.scale.ScaleSerial - setParam(OpenTimeout: 0)
2026-05-14 16:11:33,225 [   4086] [main]   INFO - ru.poscenter.jpos.scale.ScaleService - ChannelParams: minWeight=0g, maxWeight=0g
2026-05-14 16:11:33,225 [   4086] [ScaleEventThread]  DEBUG - ru.poscenter.jpos.scale.ScaleService - Event thread started
2026-05-14 16:11:33,225 [   4086] [main]   INFO - ru.poscenter.jpos.scale.ScaleService - ChannelParams details:
Флаги              : 0000
Десятичная точка   : 0
Степень            : 0
Тип канала         : < тензоканал >
Выборка массы тары : < нет >
Максимальный вес   : 0,000 кг
Минимальный вес    : 0,000 кг
Максимальная тара  : 0,000 кг
Количество градуировочных точек: 0
2026-05-14 16:11:33,225 [   4086] [main]  DEBUG - ru.poscenter.jpos.scale.ScaleService - null
Тип: 0.0, версия: 0.0
Модель: 0, язык: 0
2026-05-14 16:11:33,225 [   4086] [main]  DEBUG - ru.poscenter.jpos.scale.ScaleService - claim: OK, statistics initialized
2026-05-14 16:11:33,225 [   4086] [main]  DEBUG - ru.poscenter.jpos.scale.ScaleService - setDeviceEnabled(true)
2026-05-14 16:11:33,225 [   4086] [main]  DEBUG - ru.poscenter.jpos.scale.ScaleService - setDeviceEnabled: device enabled
2026-05-14 16:11:33,225 [   4086] [main]  DEBUG - ru.poscenter.jpos.scale.ScaleService - setDeviceEnabled: OK
2026-05-14 16:11:33,225 [   4086] [main]  DEBUG - ru.poscenter.jpos.scale.ScaleService - setAsyncMode(false)
2026-05-14 16:11:33,225 [   4086] [main]  DEBUG - ru.poscenter.jpos.scale.ScaleService - setAsyncMode: no change
2026-05-14 16:11:33,330 [   4191] [main]  DEBUG - ru.poscenter.jpos.scale.ScaleService - setTareWeight(500)
2026-05-14 16:11:33,330 [   4191] [main]  DEBUG - ru.poscenter.jpos.scale.ScaleService - getCapTareWeight
2026-05-14 16:11:33,330 [   4191] [main]  DEBUG - ru.poscenter.jpos.scale.ScaleService - getCapTareWeight: true
2026-05-14 16:11:33,330 [   4191] [main]  DEBUG - ru.poscenter.jpos.scale.ScaleService - setTareWeight: OK
2026-05-14 16:11:33,330 [   4191] [main]  DEBUG - ru.poscenter.jpos.scale.ScaleService - freezeValue(item=1, freeze=true)
2026-05-14 16:11:33,330 [   4191] [main]  DEBUG - ru.poscenter.jpos.scale.ScaleService - close()
2026-05-14 16:11:33,330 [   4191] [main]  DEBUG - ru.poscenter.jpos.scale.ScaleService - getDeviceEnabled
2026-05-14 16:11:33,330 [   4191] [main]  DEBUG - ru.poscenter.jpos.scale.ScaleService - getDeviceEnabled: true
2026-05-14 16:11:33,330 [   4191] [main]  DEBUG - ru.poscenter.jpos.scale.ScaleService - setDeviceEnabled(false)
2026-05-14 16:11:33,330 [   4191] [main]  DEBUG - ru.poscenter.jpos.scale.ScaleService - setDeviceEnabled: device disabled
2026-05-14 16:11:33,330 [   4191] [main]  DEBUG - ru.poscenter.jpos.scale.ScaleService - setDeviceEnabled: OK
2026-05-14 16:11:33,330 [   4191] [main]  DEBUG - ru.poscenter.jpos.scale.ScaleService - release()
2026-05-14 16:11:33,330 [   4191] [main]  DEBUG - ru.poscenter.jpos.scale.ScaleService - release: OK
2026-05-14 16:11:33,330 [   4191] [ScaleEventThread]  DEBUG - ru.poscenter.jpos.scale.ScaleService - Event thread interrupted
2026-05-14 16:11:33,330 [   4191] [ScaleEventThread]  DEBUG - ru.poscenter.jpos.scale.ScaleService - Event thread stopped
2026-05-14 16:11:33,330 [   4191] [main]  DEBUG - ru.poscenter.jpos.scale.ScaleService - Event thread stopped
2026-05-14 16:11:33,330 [   4191] [main]  DEBUG - ru.poscenter.jpos.scale.ScaleService - State changing from JPOS_S_IDLE to JPOS_S_CLOSED
2026-05-14 16:11:33,330 [   4191] [main]  DEBUG - ru.poscenter.jpos.scale.ScaleService - close: OK
2026-05-14 16:11:33,332 [   4193] [main]  DEBUG - ru.poscenter.jpos.scale.ScaleService - open(TestScale, ru.poscenter.jpos.scale.ScaleServiceTest$TestEventCallbacksWithHandler@4c178a76)
2026-05-14 16:11:33,332 [   4193] [main]  DEBUG - ru.poscenter.jpos.scale.ScaleService - State changing from JPOS_S_CLOSED to JPOS_S_IDLE
2026-05-14 16:11:33,332 [   4193] [main]  DEBUG - ru.poscenter.jpos.scale.ScaleService - open: OK
2026-05-14 16:11:33,332 [   4193] [main]  DEBUG - ru.poscenter.jpos.scale.ScaleService - setPollEnabled(false)
2026-05-14 16:11:33,332 [   4193] [main]  DEBUG - ru.poscenter.jpos.scale.ScaleService - setPollEnabled: OK
2026-05-14 16:11:33,332 [   4193] [main]  DEBUG - ru.poscenter.jpos.scale.ScaleService - setPowerNotify(0)
2026-05-14 16:11:33,332 [   4193] [main]  DEBUG - ru.poscenter.jpos.scale.ScaleService - setPowerNotify: OK
2026-05-14 16:11:33,332 [   4193] [main]  DEBUG - ru.poscenter.jpos.scale.ScaleService - setDataEventEnabled(true)
2026-05-14 16:11:33,332 [   4193] [main]  DEBUG - ru.poscenter.jpos.scale.ScaleService - setDataEventEnabled: OK
2026-05-14 16:11:33,332 [   4193] [main]  DEBUG - ru.poscenter.jpos.scale.ScaleService - claim(0)
2026-05-14 16:11:33,332 [   4193] [main]  DEBUG - ru.poscenter.scale.ScaleSerial - setParam(OpenTimeout: 0)
2026-05-14 16:11:33,332 [   4193] [main]   INFO - ru.poscenter.jpos.scale.ScaleService - ChannelParams: minWeight=0g, maxWeight=0g
2026-05-14 16:11:33,332 [   4193] [ScaleEventThread]  DEBUG - ru.poscenter.jpos.scale.ScaleService - Event thread started
2026-05-14 16:11:33,333 [   4194] [main]   INFO - ru.poscenter.jpos.scale.ScaleService - ChannelParams details:
Флаги              : 0000
Десятичная точка   : 0
Степень            : 0
Тип канала         : < тензоканал >
Выборка массы тары : < нет >
Максимальный вес   : 0,000 кг
Минимальный вес    : 0,000 кг
Максимальная тара  : 0,000 кг
Количество градуировочных точек: 0
2026-05-14 16:11:33,333 [   4194] [main]  DEBUG - ru.poscenter.jpos.scale.ScaleService - null
Тип: 0.0, версия: 0.0
Модель: 0, язык: 0
2026-05-14 16:11:33,333 [   4194] [main]  DEBUG - ru.poscenter.jpos.scale.ScaleService - claim: OK, statistics initialized
2026-05-14 16:11:33,333 [   4194] [main]  DEBUG - ru.poscenter.jpos.scale.ScaleService - setDeviceEnabled(true)
2026-05-14 16:11:33,333 [   4194] [main]  DEBUG - ru.poscenter.jpos.scale.ScaleService - setDeviceEnabled: device enabled
2026-05-14 16:11:33,333 [   4194] [main]  DEBUG - ru.poscenter.jpos.scale.ScaleService - setDeviceEnabled: OK
2026-05-14 16:11:33,333 [   4194] [main]  DEBUG - ru.poscenter.jpos.scale.ScaleService - setAsyncMode(true)
2026-05-14 16:11:33,333 [   4194] [main]  DEBUG - ru.poscenter.jpos.scale.ScaleService - Weight thread started
2026-05-14 16:11:33,333 [   4194] [main]  DEBUG - ru.poscenter.jpos.scale.ScaleService - setAsyncMode: OK
2026-05-14 16:11:33,333 [   4194] [ScaleWeightThread]  DEBUG - ru.poscenter.jpos.scale.ScaleService - Weight thread started
2026-05-14 16:11:33,440 [   4301] [main]  DEBUG - ru.poscenter.jpos.scale.ScaleService - setFreezeEvents(true)
2026-05-14 16:11:33,440 [   4301] [main]  DEBUG - ru.poscenter.jpos.scale.ScaleService - setFreezeEvents: OK
2026-05-14 16:11:33,440 [   4301] [main]  DEBUG - ru.poscenter.jpos.scale.ScaleService - setDataEventEnabled(true)
2026-05-14 16:11:33,440 [   4301] [main]  DEBUG - ru.poscenter.jpos.scale.ScaleService - setDataEventEnabled: OK
2026-05-14 16:11:33,440 [   4301] [main]  DEBUG - ru.poscenter.jpos.scale.ScaleService - readWeight(null, 5000)
2026-05-14 16:11:33,440 [   4301] [main]  DEBUG - ru.poscenter.jpos.scale.ScaleService - State changing from JPOS_S_IDLE to JPOS_S_BUSY
2026-05-14 16:11:33,440 [   4301] [ScaleWeightThread]  DEBUG - ru.poscenter.jpos.scale.ScaleService - Processing request #262457445, timeout=5000, retry=0
2026-05-14 16:11:33,440 [   4301] [main]  DEBUG - ru.poscenter.jpos.scale.ScaleService - readWeight: async request queued
2026-05-14 16:11:33,440 [   4301] [ScaleWeightThread]  DEBUG - ru.poscenter.jpos.scale.ScaleService - State changing from JPOS_S_BUSY to JPOS_S_IDLE
2026-05-14 16:11:33,440 [   4301] [ScaleWeightThread]  DEBUG - ru.poscenter.jpos.scale.ScaleService - Weight request processed, weight=500
2026-05-14 16:11:34,449 [   5310] [main]  DEBUG - ru.poscenter.jpos.scale.ScaleService - getDataCount
2026-05-14 16:11:34,449 [   5310] [main]  DEBUG - ru.poscenter.jpos.scale.ScaleService - getDataCount: 1
2026-05-14 16:11:34,449 [   5310] [main]  DEBUG - ru.poscenter.jpos.scale.ScaleService - setFreezeEvents(false)
2026-05-14 16:11:34,449 [   5310] [main]  DEBUG - ru.poscenter.jpos.scale.ScaleService - setFreezeEvents: OK
2026-05-14 16:11:34,465 [   5326] [ScaleEventThread]  DEBUG - ru.poscenter.jpos.scale.ScaleService - fireJposEvent: DataEvent
2026-05-14 16:11:34,465 [   5326] [main]  DEBUG - ru.poscenter.jpos.scale.ScaleService - close()
2026-05-14 16:11:34,465 [   5326] [main]  DEBUG - ru.poscenter.jpos.scale.ScaleService - getDeviceEnabled
2026-05-14 16:11:34,465 [   5326] [main]  DEBUG - ru.poscenter.jpos.scale.ScaleService - getDeviceEnabled: true
2026-05-14 16:11:34,465 [   5326] [main]  DEBUG - ru.poscenter.jpos.scale.ScaleService - setDeviceEnabled(false)
2026-05-14 16:11:34,465 [   5326] [main]  DEBUG - ru.poscenter.jpos.scale.ScaleService - setAsyncMode(false)
2026-05-14 16:11:34,466 [   5327] [ScaleWeightThread]  DEBUG - ru.poscenter.jpos.scale.ScaleService - Weight thread interrupted
2026-05-14 16:11:34,466 [   5327] [ScaleWeightThread]  DEBUG - ru.poscenter.jpos.scale.ScaleService - Weight thread stopped
2026-05-14 16:11:34,466 [   5327] [main]  DEBUG - ru.poscenter.jpos.scale.ScaleService - Weight thread stopped
2026-05-14 16:11:34,466 [   5327] [main]  DEBUG - ru.poscenter.jpos.scale.ScaleService - setAsyncMode: OK
2026-05-14 16:11:34,466 [   5327] [main]  DEBUG - ru.poscenter.jpos.scale.ScaleService - setDeviceEnabled: device disabled
2026-05-14 16:11:34,466 [   5327] [main]  DEBUG - ru.poscenter.jpos.scale.ScaleService - setDeviceEnabled: OK
2026-05-14 16:11:34,466 [   5327] [main]  DEBUG - ru.poscenter.jpos.scale.ScaleService - release()
2026-05-14 16:11:34,466 [   5327] [main]  DEBUG - ru.poscenter.jpos.scale.ScaleService - release: OK
2026-05-14 16:11:34,466 [   5327] [ScaleEventThread]  DEBUG - ru.poscenter.jpos.scale.ScaleService - Event thread interrupted
2026-05-14 16:11:34,466 [   5327] [ScaleEventThread]  DEBUG - ru.poscenter.jpos.scale.ScaleService - Event thread stopped
2026-05-14 16:11:34,466 [   5327] [main]  DEBUG - ru.poscenter.jpos.scale.ScaleService - Event thread stopped
2026-05-14 16:11:34,466 [   5327] [main]  DEBUG - ru.poscenter.jpos.scale.ScaleService - State changing from JPOS_S_IDLE to JPOS_S_CLOSED
2026-05-14 16:11:34,466 [   5327] [main]  DEBUG - ru.poscenter.jpos.scale.ScaleService - close: OK
2026-05-14 16:11:34,468 [   5329] [main]  DEBUG - ru.poscenter.jpos.scale.ScaleService - open(TestScale, ru.poscenter.jpos.scale.ScaleServiceTest$TestEventCallbacksWithHandler@544fa968)
2026-05-14 16:11:34,468 [   5329] [main]  DEBUG - ru.poscenter.jpos.scale.ScaleService - State changing from JPOS_S_CLOSED to JPOS_S_IDLE
2026-05-14 16:11:34,468 [   5329] [main]  DEBUG - ru.poscenter.jpos.scale.ScaleService - open: OK
2026-05-14 16:11:34,468 [   5329] [main]  DEBUG - ru.poscenter.jpos.scale.ScaleService - setPollEnabled(false)
2026-05-14 16:11:34,468 [   5329] [main]  DEBUG - ru.poscenter.jpos.scale.ScaleService - setPollEnabled: OK
2026-05-14 16:11:34,468 [   5329] [main]  DEBUG - ru.poscenter.jpos.scale.ScaleService - setPowerNotify(0)
2026-05-14 16:11:34,468 [   5329] [main]  DEBUG - ru.poscenter.jpos.scale.ScaleService - setPowerNotify: OK
2026-05-14 16:11:34,468 [   5329] [main]  DEBUG - ru.poscenter.jpos.scale.ScaleService - setDataEventEnabled(true)
2026-05-14 16:11:34,468 [   5329] [main]  DEBUG - ru.poscenter.jpos.scale.ScaleService - setDataEventEnabled: OK
2026-05-14 16:11:34,468 [   5329] [main]  DEBUG - ru.poscenter.jpos.scale.ScaleService - claim(0)
2026-05-14 16:11:34,469 [   5330] [main]  DEBUG - ru.poscenter.scale.ScaleSerial - setParam(OpenTimeout: 0)
2026-05-14 16:11:34,469 [   5330] [main]   INFO - ru.poscenter.jpos.scale.ScaleService - ChannelParams: minWeight=0g, maxWeight=0g
2026-05-14 16:11:34,469 [   5330] [ScaleEventThread]  DEBUG - ru.poscenter.jpos.scale.ScaleService - Event thread started
2026-05-14 16:11:34,469 [   5330] [main]   INFO - ru.poscenter.jpos.scale.ScaleService - ChannelParams details:
Флаги              : 0000
Десятичная точка   : 0
Степень            : 0
Тип канала         : < тензоканал >
Выборка массы тары : < нет >
Максимальный вес   : 0,000 кг
Минимальный вес    : 0,000 кг
Максимальная тара  : 0,000 кг
Количество градуировочных точек: 0
2026-05-14 16:11:34,469 [   5330] [main]  DEBUG - ru.poscenter.jpos.scale.ScaleService - null
Тип: 0.0, версия: 0.0
Модель: 0, язык: 0
2026-05-14 16:11:34,469 [   5330] [main]  DEBUG - ru.poscenter.jpos.scale.ScaleService - claim: OK, statistics initialized
2026-05-14 16:11:34,469 [   5330] [main]  DEBUG - ru.poscenter.jpos.scale.ScaleService - setDeviceEnabled(true)
2026-05-14 16:11:34,469 [   5330] [main]  DEBUG - ru.poscenter.jpos.scale.ScaleService - setDeviceEnabled: device enabled
2026-05-14 16:11:34,469 [   5330] [main]  DEBUG - ru.poscenter.jpos.scale.ScaleService - setDeviceEnabled: OK
2026-05-14 16:11:34,469 [   5330] [main]  DEBUG - ru.poscenter.jpos.scale.ScaleService - setAsyncMode(true)
2026-05-14 16:11:34,469 [   5330] [main]  DEBUG - ru.poscenter.jpos.scale.ScaleService - Weight thread started
2026-05-14 16:11:34,469 [   5330] [main]  DEBUG - ru.poscenter.jpos.scale.ScaleService - setAsyncMode: OK
2026-05-14 16:11:34,469 [   5330] [ScaleWeightThread]  DEBUG - ru.poscenter.jpos.scale.ScaleService - Weight thread started
2026-05-14 16:11:34,576 [   5437] [main]  DEBUG - ru.poscenter.jpos.scale.ScaleService - setTareWeight(200)
2026-05-14 16:11:34,577 [   5438] [main]  DEBUG - ru.poscenter.jpos.scale.ScaleService - getCapTareWeight
2026-05-14 16:11:34,577 [   5438] [main]  DEBUG - ru.poscenter.jpos.scale.ScaleService - getCapTareWeight: true
2026-05-14 16:11:34,577 [   5438] [main]  DEBUG - ru.poscenter.jpos.scale.ScaleService - setTareWeight: OK
2026-05-14 16:11:34,578 [   5439] [main]  DEBUG - ru.poscenter.jpos.scale.ScaleService - readWeight(null, 1000)
2026-05-14 16:11:34,578 [   5439] [main]  DEBUG - ru.poscenter.jpos.scale.ScaleService - State changing from JPOS_S_IDLE to JPOS_S_BUSY
2026-05-14 16:11:34,578 [   5439] [ScaleWeightThread]  DEBUG - ru.poscenter.jpos.scale.ScaleService - Processing request #2003891312, timeout=1000, retry=0
2026-05-14 16:11:34,578 [   5439] [ScaleWeightThread]  DEBUG - ru.poscenter.jpos.scale.ScaleService - State changing from JPOS_S_BUSY to JPOS_S_IDLE
2026-05-14 16:11:34,578 [   5439] [ScaleWeightThread]  DEBUG - ru.poscenter.jpos.scale.ScaleService - Weight request processed, weight=1234
2026-05-14 16:11:34,578 [   5439] [main]  DEBUG - ru.poscenter.jpos.scale.ScaleService - readWeight: async request queued
2026-05-14 16:11:34,592 [   5453] [ScaleEventThread]  DEBUG - ru.poscenter.jpos.scale.ScaleService - fireJposEvent: DataEvent
2026-05-14 16:11:34,592 [   5453] [ScaleEventThread]  DEBUG - ru.poscenter.jpos.scale.ScaleService - getScaleLiveWeight
2026-05-14 16:11:34,592 [   5453] [ScaleEventThread]  DEBUG - ru.poscenter.jpos.scale.ScaleService - getScaleLiveWeight: 1234
2026-05-14 16:11:34,592 [   5453] [ScaleEventThread]  DEBUG - ru.poscenter.jpos.scale.ScaleService - getSalesPrice
2026-05-14 16:11:34,592 [   5453] [ScaleEventThread]  DEBUG - ru.poscenter.jpos.scale.ScaleService - getSalesPrice: 0
2026-05-14 16:11:34,592 [   5453] [ScaleEventThread]  DEBUG - ru.poscenter.jpos.scale.ScaleService - getTareWeight
2026-05-14 16:11:34,592 [   5453] [ScaleEventThread]  DEBUG - ru.poscenter.jpos.scale.ScaleService - getTareWeight: 200
2026-05-14 16:11:34,592 [   5453] [ScaleEventThread]  DEBUG - ru.poscenter.jpos.scale.ScaleService - getMaximumWeight
2026-05-14 16:11:34,592 [   5453] [ScaleEventThread]  DEBUG - ru.poscenter.jpos.scale.ScaleService - getMaximumWeight: 0
2026-05-14 16:11:34,592 [   5453] [ScaleEventThread]  DEBUG - ru.poscenter.jpos.scale.ScaleService - getWeightUnit
2026-05-14 16:11:34,592 [   5453] [ScaleEventThread]  DEBUG - ru.poscenter.jpos.scale.ScaleService - getWeightUnit: 1
2026-05-14 16:11:34,592 [   5453] [main]  DEBUG - ru.poscenter.jpos.scale.ScaleService - getState
2026-05-14 16:11:34,592 [   5453] [main]  DEBUG - ru.poscenter.jpos.scale.ScaleService - getState: JPOS_S_IDLE
2026-05-14 16:11:34,592 [   5453] [main]  DEBUG - ru.poscenter.jpos.scale.ScaleService - close()
2026-05-14 16:11:34,592 [   5453] [main]  DEBUG - ru.poscenter.jpos.scale.ScaleService - getDeviceEnabled
2026-05-14 16:11:34,592 [   5453] [main]  DEBUG - ru.poscenter.jpos.scale.ScaleService - getDeviceEnabled: true
2026-05-14 16:11:34,592 [   5453] [main]  DEBUG - ru.poscenter.jpos.scale.ScaleService - setDeviceEnabled(false)
2026-05-14 16:11:34,592 [   5453] [main]  DEBUG - ru.poscenter.jpos.scale.ScaleService - setAsyncMode(false)
2026-05-14 16:11:34,593 [   5454] [ScaleWeightThread]  DEBUG - ru.poscenter.jpos.scale.ScaleService - Weight thread interrupted
2026-05-14 16:11:34,593 [   5454] [ScaleWeightThread]  DEBUG - ru.poscenter.jpos.scale.ScaleService - Weight thread stopped
2026-05-14 16:11:34,593 [   5454] [main]  DEBUG - ru.poscenter.jpos.scale.ScaleService - Weight thread stopped
2026-05-14 16:11:34,593 [   5454] [main]  DEBUG - ru.poscenter.jpos.scale.ScaleService - setAsyncMode: OK
2026-05-14 16:11:34,593 [   5454] [main]  DEBUG - ru.poscenter.jpos.scale.ScaleService - setDeviceEnabled: device disabled
2026-05-14 16:11:34,593 [   5454] [main]  DEBUG - ru.poscenter.jpos.scale.ScaleService - setDeviceEnabled: OK
2026-05-14 16:11:34,593 [   5454] [main]  DEBUG - ru.poscenter.jpos.scale.ScaleService - release()
2026-05-14 16:11:34,593 [   5454] [main]  DEBUG - ru.poscenter.jpos.scale.ScaleService - release: OK
2026-05-14 16:11:34,593 [   5454] [ScaleEventThread]  DEBUG - ru.poscenter.jpos.scale.ScaleService - Event thread interrupted
2026-05-14 16:11:34,593 [   5454] [ScaleEventThread]  DEBUG - ru.poscenter.jpos.scale.ScaleService - Event thread stopped
2026-05-14 16:11:34,593 [   5454] [main]  DEBUG - ru.poscenter.jpos.scale.ScaleService - Event thread stopped
2026-05-14 16:11:34,593 [   5454] [main]  DEBUG - ru.poscenter.jpos.scale.ScaleService - State changing from JPOS_S_IDLE to JPOS_S_CLOSED
2026-05-14 16:11:34,593 [   5454] [main]  DEBUG - ru.poscenter.jpos.scale.ScaleService - close: OK
2026-05-14 16:11:34,594 [   5455] [main]  DEBUG - ru.poscenter.jpos.scale.ScaleService - open(TestScale, ru.poscenter.jpos.scale.ScaleServiceTest$TestEventCallbacksWithHandler@24313fcc)
2026-05-14 16:11:34,594 [   5455] [main]  DEBUG - ru.poscenter.jpos.scale.ScaleService - State changing from JPOS_S_CLOSED to JPOS_S_IDLE
2026-05-14 16:11:34,594 [   5455] [main]  DEBUG - ru.poscenter.jpos.scale.ScaleService - open: OK
2026-05-14 16:11:34,594 [   5455] [main]  DEBUG - ru.poscenter.jpos.scale.ScaleService - getCapFreezeValue
2026-05-14 16:11:34,595 [   5456] [main]  DEBUG - ru.poscenter.jpos.scale.ScaleService - getCapFreezeValue: false
2026-05-14 16:11:34,595 [   5456] [main]  DEBUG - ru.poscenter.jpos.scale.ScaleService - close()
2026-05-14 16:11:34,595 [   5456] [main]  DEBUG - ru.poscenter.jpos.scale.ScaleService - getDeviceEnabled
2026-05-14 16:11:34,595 [   5456] [main]  DEBUG - ru.poscenter.jpos.scale.ScaleService - getDeviceEnabled: false
2026-05-14 16:11:34,595 [   5456] [ScaleEventThread]  DEBUG - ru.poscenter.jpos.scale.ScaleService - Event thread started
2026-05-14 16:11:34,595 [   5456] [ScaleEventThread]  DEBUG - ru.poscenter.jpos.scale.ScaleService - Event thread stopped
2026-05-14 16:11:34,595 [   5456] [main]  DEBUG - ru.poscenter.jpos.scale.ScaleService - Event thread stopped
2026-05-14 16:11:34,595 [   5456] [main]  DEBUG - ru.poscenter.jpos.scale.ScaleService - State changing from JPOS_S_IDLE to JPOS_S_CLOSED
2026-05-14 16:11:34,595 [   5456] [main]  DEBUG - ru.poscenter.jpos.scale.ScaleService - close: OK
2026-05-14 16:11:34,596 [   5457] [main]  DEBUG - ru.poscenter.jpos.scale.ScaleService - open(TestScale, ru.poscenter.jpos.scale.ScaleServiceTest$TestEventCallbacksWithHandler@77f1baf5)
2026-05-14 16:11:34,596 [   5457] [main]  DEBUG - ru.poscenter.jpos.scale.ScaleService - State changing from JPOS_S_CLOSED to JPOS_S_IDLE
2026-05-14 16:11:34,596 [   5457] [main]  DEBUG - ru.poscenter.jpos.scale.ScaleService - open: OK
2026-05-14 16:11:34,596 [   5457] [main]  DEBUG - ru.poscenter.jpos.scale.ScaleService - claim(0)
2026-05-14 16:11:34,596 [   5457] [main]  DEBUG - ru.poscenter.scale.ScaleSerial - setParam(OpenTimeout: 0)
2026-05-14 16:11:34,596 [   5457] [main]   INFO - ru.poscenter.jpos.scale.ScaleService - ChannelParams: minWeight=0g, maxWeight=0g
2026-05-14 16:11:34,596 [   5457] [main]   INFO - ru.poscenter.jpos.scale.ScaleService - ChannelParams details:
Флаги              : 0000
Десятичная точка   : 0
Степень            : 0
Тип канала         : < тензоканал >
Выборка массы тары : < нет >
Максимальный вес   : 0,000 кг
Минимальный вес    : 0,000 кг
Максимальная тара  : 0,000 кг
Количество градуировочных точек: 0
2026-05-14 16:11:34,596 [   5457] [ScaleEventThread]  DEBUG - ru.poscenter.jpos.scale.ScaleService - Event thread started
2026-05-14 16:11:34,596 [   5457] [main]  DEBUG - ru.poscenter.jpos.scale.ScaleService - null
Тип: 0.0, версия: 0.0
Модель: 0, язык: 0
2026-05-14 16:11:34,598 [   5459] [main]  DEBUG - ru.poscenter.jpos.scale.ScaleService - claim: OK, statistics initialized
2026-05-14 16:11:34,598 [   5459] [main]  DEBUG - ru.poscenter.jpos.scale.ScaleService - readWeight(null, 1000)
2026-05-14 16:11:34,598 [   5459] [main]  DEBUG - ru.poscenter.jpos.scale.ScaleService - checkEnabled() JPOS_E_DISABLED
2026-05-14 16:11:34,599 [   5460] [main]  DEBUG - ru.poscenter.jpos.scale.ScaleService - open(TestScale, ru.poscenter.jpos.scale.ScaleServiceTest$TestEventCallbacksWithHandler@6c40365c)
2026-05-14 16:11:34,599 [   5460] [main]  DEBUG - ru.poscenter.jpos.scale.ScaleService - State changing from JPOS_S_CLOSED to JPOS_S_IDLE
2026-05-14 16:11:34,599 [   5460] [main]  DEBUG - ru.poscenter.jpos.scale.ScaleService - open: OK
2026-05-14 16:11:34,599 [   5460] [main]  DEBUG - ru.poscenter.jpos.scale.ScaleService - setPollEnabled(false)
2026-05-14 16:11:34,599 [   5460] [main]  DEBUG - ru.poscenter.jpos.scale.ScaleService - setPollEnabled: OK
2026-05-14 16:11:34,599 [   5460] [main]  DEBUG - ru.poscenter.jpos.scale.ScaleService - setPowerNotify(0)
2026-05-14 16:11:34,599 [   5460] [main]  DEBUG - ru.poscenter.jpos.scale.ScaleService - setPowerNotify: OK
2026-05-14 16:11:34,599 [   5460] [main]  DEBUG - ru.poscenter.jpos.scale.ScaleService - setDataEventEnabled(true)
2026-05-14 16:11:34,599 [   5460] [main]  DEBUG - ru.poscenter.jpos.scale.ScaleService - setDataEventEnabled: OK
2026-05-14 16:11:34,599 [   5460] [main]  DEBUG - ru.poscenter.jpos.scale.ScaleService - claim(0)
2026-05-14 16:11:34,599 [   5460] [main]  DEBUG - ru.poscenter.scale.ScaleSerial - setParam(OpenTimeout: 0)
2026-05-14 16:11:34,599 [   5460] [main]   INFO - ru.poscenter.jpos.scale.ScaleService - ChannelParams: minWeight=0g, maxWeight=0g
2026-05-14 16:11:34,599 [   5460] [ScaleEventThread]  DEBUG - ru.poscenter.jpos.scale.ScaleService - Event thread started
2026-05-14 16:11:34,599 [   5460] [main]   INFO - ru.poscenter.jpos.scale.ScaleService - ChannelParams details:
Флаги              : 0000
Десятичная точка   : 0
Степень            : 0
Тип канала         : < тензоканал >
Выборка массы тары : < нет >
Максимальный вес   : 0,000 кг
Минимальный вес    : 0,000 кг
Максимальная тара  : 0,000 кг
Количество градуировочных точек: 0
2026-05-14 16:11:34,599 [   5460] [main]  DEBUG - ru.poscenter.jpos.scale.ScaleService - null
Тип: 0.0, версия: 0.0
Модель: 0, язык: 0
2026-05-14 16:11:34,599 [   5460] [main]  DEBUG - ru.poscenter.jpos.scale.ScaleService - claim: OK, statistics initialized
2026-05-14 16:11:34,599 [   5460] [main]  DEBUG - ru.poscenter.jpos.scale.ScaleService - setDeviceEnabled(true)
2026-05-14 16:11:34,599 [   5460] [main]  DEBUG - ru.poscenter.jpos.scale.ScaleService - setDeviceEnabled: device enabled
2026-05-14 16:11:34,599 [   5460] [main]  DEBUG - ru.poscenter.jpos.scale.ScaleService - setDeviceEnabled: OK
2026-05-14 16:11:34,599 [   5460] [main]  DEBUG - ru.poscenter.jpos.scale.ScaleService - setAsyncMode(true)
2026-05-14 16:11:34,599 [   5460] [main]  DEBUG - ru.poscenter.jpos.scale.ScaleService - Weight thread started
2026-05-14 16:11:34,599 [   5460] [main]  DEBUG - ru.poscenter.jpos.scale.ScaleService - setAsyncMode: OK
2026-05-14 16:11:34,599 [   5460] [ScaleWeightThread]  DEBUG - ru.poscenter.jpos.scale.ScaleService - Weight thread started
2026-05-14 16:11:34,702 [   5563] [main]  DEBUG - ru.poscenter.jpos.scale.ScaleService - readWeight(null, 0)
2026-05-14 16:11:34,702 [   5563] [main]  DEBUG - ru.poscenter.jpos.scale.ScaleService - State changing from JPOS_S_IDLE to JPOS_S_BUSY
2026-05-14 16:11:34,702 [   5563] [main]  DEBUG - ru.poscenter.jpos.scale.ScaleService - readWeight: async request queued
2026-05-14 16:11:34,702 [   5563] [ScaleWeightThread]  DEBUG - ru.poscenter.jpos.scale.ScaleService - Processing request #2079179914, timeout=0, retry=0
2026-05-14 16:11:34,702 [   5563] [ScaleWeightThread]  ERROR - ru.poscenter.jpos.scale.ScaleService - Error reading scale weight
ru.poscenter.DeviceError: No link to device
	at ru.poscenter.jpos.scale.ScaleServiceTest.testDeviceErrorNoLink(ScaleServiceTest.java:534)
	at sun.reflect.NativeMethodAccessorImpl.invoke0(Native Method)
	at sun.reflect.NativeMethodAccessorImpl.invoke(NativeMethodAccessorImpl.java:62)
	at sun.reflect.DelegatingMethodAccessorImpl.invoke(DelegatingMethodAccessorImpl.java:43)
	at java.lang.reflect.Method.invoke(Method.java:498)
	at org.junit.runners.model.FrameworkMethod$1.runReflectiveCall(FrameworkMethod.java:59)
	at org.junit.internal.runners.model.ReflectiveCallable.run(ReflectiveCallable.java:12)
	at org.junit.runners.model.FrameworkMethod.invokeExplosively(FrameworkMethod.java:56)
	at org.junit.internal.runners.statements.InvokeMethod.evaluate(InvokeMethod.java:17)
	at org.junit.internal.runners.statements.RunBefores.evaluate(RunBefores.java:26)
	at org.junit.runners.ParentRunner$3.evaluate(ParentRunner.java:306)
	at org.junit.runners.BlockJUnit4ClassRunner$1.evaluate(BlockJUnit4ClassRunner.java:100)
	at org.junit.runners.ParentRunner.runLeaf(ParentRunner.java:366)
	at org.junit.runners.BlockJUnit4ClassRunner.runChild(BlockJUnit4ClassRunner.java:103)
	at org.junit.runners.BlockJUnit4ClassRunner.runChild(BlockJUnit4ClassRunner.java:63)
	at org.junit.runners.ParentRunner$4.run(ParentRunner.java:331)
	at org.junit.runners.ParentRunner$1.schedule(ParentRunner.java:79)
	at org.junit.runners.ParentRunner.runChildren(ParentRunner.java:329)
	at org.junit.runners.ParentRunner.access$100(ParentRunner.java:66)
	at org.junit.runners.ParentRunner$2.evaluate(ParentRunner.java:293)
	at org.junit.runners.ParentRunner$3.evaluate(ParentRunner.java:306)
	at org.junit.runners.ParentRunner.run(ParentRunner.java:413)
	at junit.framework.JUnit4TestAdapter.run(JUnit4TestAdapter.java:50)
	at org.apache.tools.ant.taskdefs.optional.junit.JUnitTestRunner.run(JUnitTestRunner.java:532)
	at org.apache.tools.ant.taskdefs.optional.junit.JUnitTestRunner.launch(JUnitTestRunner.java:1179)
	at org.apache.tools.ant.taskdefs.optional.junit.JUnitTestRunner.main(JUnitTestRunner.java:1030)
2026-05-14 16:11:34,704 [   5565] [ScaleWeightThread]  ERROR - ru.poscenter.jpos.scale.ScaleService - Exception caught
ru.poscenter.DeviceError: No link to device
	at ru.poscenter.jpos.scale.ScaleServiceTest.testDeviceErrorNoLink(ScaleServiceTest.java:534)
	at sun.reflect.NativeMethodAccessorImpl.invoke0(Native Method)
	at sun.reflect.NativeMethodAccessorImpl.invoke(NativeMethodAccessorImpl.java:62)
	at sun.reflect.DelegatingMethodAccessorImpl.invoke(DelegatingMethodAccessorImpl.java:43)
	at java.lang.reflect.Method.invoke(Method.java:498)
	at org.junit.runners.model.FrameworkMethod$1.runReflectiveCall(FrameworkMethod.java:59)
	at org.junit.internal.runners.model.ReflectiveCallable.run(ReflectiveCallable.java:12)
	at org.junit.runners.model.FrameworkMethod.invokeExplosively(FrameworkMethod.java:56)
	at org.junit.internal.runners.statements.InvokeMethod.evaluate(InvokeMethod.java:17)
	at org.junit.internal.runners.statements.RunBefores.evaluate(RunBefores.java:26)
	at org.junit.runners.ParentRunner$3.evaluate(ParentRunner.java:306)
	at org.junit.runners.BlockJUnit4ClassRunner$1.evaluate(BlockJUnit4ClassRunner.java:100)
	at org.junit.runners.ParentRunner.runLeaf(ParentRunner.java:366)
	at org.junit.runners.BlockJUnit4ClassRunner.runChild(BlockJUnit4ClassRunner.java:103)
	at org.junit.runners.BlockJUnit4ClassRunner.runChild(BlockJUnit4ClassRunner.java:63)
	at org.junit.runners.ParentRunner$4.run(ParentRunner.java:331)
	at org.junit.runners.ParentRunner$1.schedule(ParentRunner.java:79)
	at org.junit.runners.ParentRunner.runChildren(ParentRunner.java:329)
	at org.junit.runners.ParentRunner.access$100(ParentRunner.java:66)
	at org.junit.runners.ParentRunner$2.evaluate(ParentRunner.java:293)
	at org.junit.runners.ParentRunner$3.evaluate(ParentRunner.java:306)
	at org.junit.runners.ParentRunner.run(ParentRunner.java:413)
	at junit.framework.JUnit4TestAdapter.run(JUnit4TestAdapter.java:50)
	at org.apache.tools.ant.taskdefs.optional.junit.JUnitTestRunner.run(JUnitTestRunner.java:532)
	at org.apache.tools.ant.taskdefs.optional.junit.JUnitTestRunner.launch(JUnitTestRunner.java:1179)
	at org.apache.tools.ant.taskdefs.optional.junit.JUnitTestRunner.main(JUnitTestRunner.java:1030)
2026-05-14 16:11:34,704 [   5565] [ScaleWeightThread]  DEBUG - ru.poscenter.jpos.scale.ScaleService - State changing from JPOS_S_BUSY to JPOS_S_ERROR
2026-05-14 16:11:34,704 [   5565] [ScaleWeightThread]  DEBUG - ru.poscenter.jpos.scale.ScaleService - Error event queued for request #2079179914, canRetry=false, errorCode=108
2026-05-14 16:11:34,717 [   5578] [ScaleEventThread]  DEBUG - ru.poscenter.jpos.scale.ScaleService - fireJposEvent: ErrorEvent
2026-05-14 16:11:34,717 [   5578] [ScaleEventThread]  DEBUG - ru.poscenter.jpos.scale.ScaleService - handleErrorResponse: response=12
2026-05-14 16:11:34,717 [   5578] [ScaleEventThread]  DEBUG - ru.poscenter.jpos.scale.ScaleService - ER_CLEAR received
2026-05-14 16:11:34,717 [   5578] [main]  DEBUG - ru.poscenter.jpos.scale.ScaleService - close()
2026-05-14 16:11:34,717 [   5578] [ScaleEventThread]  DEBUG - ru.poscenter.jpos.scale.ScaleService - State changing from JPOS_S_ERROR to JPOS_S_IDLE
2026-05-14 16:11:34,717 [   5578] [main]  DEBUG - ru.poscenter.jpos.scale.ScaleService - getDeviceEnabled
2026-05-14 16:11:34,717 [   5578] [main]  DEBUG - ru.poscenter.jpos.scale.ScaleService - getDeviceEnabled: true
2026-05-14 16:11:34,717 [   5578] [main]  DEBUG - ru.poscenter.jpos.scale.ScaleService - setDeviceEnabled(false)
2026-05-14 16:11:34,717 [   5578] [main]  DEBUG - ru.poscenter.jpos.scale.ScaleService - setAsyncMode(false)
2026-05-14 16:11:34,717 [   5578] [ScaleWeightThread]  DEBUG - ru.poscenter.jpos.scale.ScaleService - Weight thread interrupted
2026-05-14 16:11:34,717 [   5578] [ScaleWeightThread]  DEBUG - ru.poscenter.jpos.scale.ScaleService - Weight thread stopped
2026-05-14 16:11:34,717 [   5578] [main]  DEBUG - ru.poscenter.jpos.scale.ScaleService - Weight thread stopped
2026-05-14 16:11:34,717 [   5578] [main]  DEBUG - ru.poscenter.jpos.scale.ScaleService - setAsyncMode: OK
2026-05-14 16:11:34,717 [   5578] [main]  DEBUG - ru.poscenter.jpos.scale.ScaleService - setDeviceEnabled: device disabled
2026-05-14 16:11:34,717 [   5578] [main]  DEBUG - ru.poscenter.jpos.scale.ScaleService - setDeviceEnabled: OK
2026-05-14 16:11:34,717 [   5578] [main]  DEBUG - ru.poscenter.jpos.scale.ScaleService - release()
2026-05-14 16:11:34,717 [   5578] [main]  DEBUG - ru.poscenter.jpos.scale.ScaleService - release: OK
2026-05-14 16:11:34,717 [   5578] [ScaleEventThread]  DEBUG - ru.poscenter.jpos.scale.ScaleService - Event thread interrupted
2026-05-14 16:11:34,718 [   5579] [ScaleEventThread]  DEBUG - ru.poscenter.jpos.scale.ScaleService - Event thread stopped
2026-05-14 16:11:34,718 [   5579] [main]  DEBUG - ru.poscenter.jpos.scale.ScaleService - Event thread stopped
2026-05-14 16:11:34,718 [   5579] [main]  DEBUG - ru.poscenter.jpos.scale.ScaleService - State changing from JPOS_S_IDLE to JPOS_S_CLOSED
2026-05-14 16:11:34,718 [   5579] [main]  DEBUG - ru.poscenter.jpos.scale.ScaleService - close: OK
2026-05-14 16:11:34,721 [   5582] [main]  DEBUG - ru.poscenter.jpos.scale.ScaleService - open(TestScale, ru.poscenter.jpos.scale.ScaleServiceTest$TestEventCallbacksWithHandler@55b0dcab)
2026-05-14 16:11:34,721 [   5582] [main]  DEBUG - ru.poscenter.jpos.scale.ScaleService - State changing from JPOS_S_CLOSED to JPOS_S_IDLE
2026-05-14 16:11:34,721 [   5582] [main]  DEBUG - ru.poscenter.jpos.scale.ScaleService - open: OK
2026-05-14 16:11:34,721 [   5582] [main]  DEBUG - ru.poscenter.jpos.scale.ScaleService - setPollEnabled(false)
2026-05-14 16:11:34,721 [   5582] [main]  DEBUG - ru.poscenter.jpos.scale.ScaleService - setPollEnabled: OK
2026-05-14 16:11:34,721 [   5582] [main]  DEBUG - ru.poscenter.jpos.scale.ScaleService - setPowerNotify(0)
2026-05-14 16:11:34,721 [   5582] [main]  DEBUG - ru.poscenter.jpos.scale.ScaleService - setPowerNotify: OK
2026-05-14 16:11:34,721 [   5582] [main]  DEBUG - ru.poscenter.jpos.scale.ScaleService - setDataEventEnabled(true)
2026-05-14 16:11:34,721 [   5582] [main]  DEBUG - ru.poscenter.jpos.scale.ScaleService - setDataEventEnabled: OK
2026-05-14 16:11:34,721 [   5582] [main]  DEBUG - ru.poscenter.jpos.scale.ScaleService - claim(0)
2026-05-14 16:11:34,721 [   5582] [main]  DEBUG - ru.poscenter.scale.ScaleSerial - setParam(OpenTimeout: 0)
2026-05-14 16:11:34,721 [   5582] [main]   INFO - ru.poscenter.jpos.scale.ScaleService - ChannelParams: minWeight=0g, maxWeight=0g
2026-05-14 16:11:34,721 [   5582] [ScaleEventThread]  DEBUG - ru.poscenter.jpos.scale.ScaleService - Event thread started
2026-05-14 16:11:34,721 [   5582] [main]   INFO - ru.poscenter.jpos.scale.ScaleService - ChannelParams details:
Флаги              : 0000
Десятичная точка   : 0
Степень            : 0
Тип канала         : < тензоканал >
Выборка массы тары : < нет >
Максимальный вес   : 0,000 кг
Минимальный вес    : 0,000 кг
Максимальная тара  : 0,000 кг
Количество градуировочных точек: 0
2026-05-14 16:11:34,721 [   5582] [main]  DEBUG - ru.poscenter.jpos.scale.ScaleService - null
Тип: 0.0, версия: 0.0
Модель: 0, язык: 0
2026-05-14 16:11:34,721 [   5582] [main]  DEBUG - ru.poscenter.jpos.scale.ScaleService - claim: OK, statistics initialized
2026-05-14 16:11:34,721 [   5582] [main]  DEBUG - ru.poscenter.jpos.scale.ScaleService - setDeviceEnabled(true)
2026-05-14 16:11:34,721 [   5582] [main]  DEBUG - ru.poscenter.jpos.scale.ScaleService - setDeviceEnabled: device enabled
2026-05-14 16:11:34,721 [   5582] [main]  DEBUG - ru.poscenter.jpos.scale.ScaleService - setDeviceEnabled: OK
2026-05-14 16:11:34,721 [   5582] [main]  DEBUG - ru.poscenter.jpos.scale.ScaleService - setAsyncMode(false)
2026-05-14 16:11:34,721 [   5582] [main]  DEBUG - ru.poscenter.jpos.scale.ScaleService - setAsyncMode: no change
2026-05-14 16:11:34,826 [   5687] [main]  DEBUG - ru.poscenter.jpos.scale.ScaleService - setPriceCalculationMode(mode=3)
2026-05-14 16:11:34,826 [   5687] [main]  DEBUG - ru.poscenter.jpos.scale.ScaleService - setPriceCalculationMode: OK, mode=3
2026-05-14 16:11:34,826 [   5687] [main]  DEBUG - ru.poscenter.jpos.scale.ScaleService - setPriceCalculationMode(mode=2)
2026-05-14 16:11:34,826 [   5687] [main]  DEBUG - ru.poscenter.jpos.scale.ScaleService - setPriceCalculationMode: OK, mode=2
2026-05-14 16:11:34,826 [   5687] [main]  DEBUG - ru.poscenter.jpos.scale.ScaleService - setPriceCalculationMode(mode=1)
2026-05-14 16:11:34,826 [   5687] [main]  DEBUG - ru.poscenter.jpos.scale.ScaleService - setPriceCalculationMode: OK, mode=1
2026-05-14 16:11:34,826 [   5687] [main]  DEBUG - ru.poscenter.jpos.scale.ScaleService - close()
2026-05-14 16:11:34,826 [   5687] [main]  DEBUG - ru.poscenter.jpos.scale.ScaleService - getDeviceEnabled
2026-05-14 16:11:34,826 [   5687] [main]  DEBUG - ru.poscenter.jpos.scale.ScaleService - getDeviceEnabled: true
2026-05-14 16:11:34,826 [   5687] [main]  DEBUG - ru.poscenter.jpos.scale.ScaleService - setDeviceEnabled(false)
2026-05-14 16:11:34,826 [   5687] [main]  DEBUG - ru.poscenter.jpos.scale.ScaleService - setDeviceEnabled: device disabled
2026-05-14 16:11:34,826 [   5687] [main]  DEBUG - ru.poscenter.jpos.scale.ScaleService - setDeviceEnabled: OK
2026-05-14 16:11:34,826 [   5687] [main]  DEBUG - ru.poscenter.jpos.scale.ScaleService - release()
2026-05-14 16:11:34,826 [   5687] [main]  DEBUG - ru.poscenter.jpos.scale.ScaleService - release: OK
2026-05-14 16:11:34,826 [   5687] [ScaleEventThread]  DEBUG - ru.poscenter.jpos.scale.ScaleService - Event thread interrupted
2026-05-14 16:11:34,826 [   5687] [ScaleEventThread]  DEBUG - ru.poscenter.jpos.scale.ScaleService - Event thread stopped
2026-05-14 16:11:34,826 [   5687] [main]  DEBUG - ru.poscenter.jpos.scale.ScaleService - Event thread stopped
2026-05-14 16:11:34,826 [   5687] [main]  DEBUG - ru.poscenter.jpos.scale.ScaleService - State changing from JPOS_S_IDLE to JPOS_S_CLOSED
2026-05-14 16:11:34,826 [   5687] [main]  DEBUG - ru.poscenter.jpos.scale.ScaleService - close: OK
2026-05-14 16:11:34,828 [   5689] [main]  DEBUG - ru.poscenter.jpos.scale.ScaleService - open(TestScale, ru.poscenter.jpos.scale.ScaleServiceTest$TestEventCallbacksWithHandler@2df3b89c)
2026-05-14 16:11:34,828 [   5689] [main]  DEBUG - ru.poscenter.jpos.scale.ScaleService - State changing from JPOS_S_CLOSED to JPOS_S_IDLE
2026-05-14 16:11:34,828 [   5689] [main]  DEBUG - ru.poscenter.jpos.scale.ScaleService - open: OK
2026-05-14 16:11:34,828 [   5689] [main]  DEBUG - ru.poscenter.jpos.scale.ScaleService - setPollEnabled(false)
2026-05-14 16:11:34,828 [   5689] [main]  DEBUG - ru.poscenter.jpos.scale.ScaleService - setPollEnabled: OK
2026-05-14 16:11:34,828 [   5689] [main]  DEBUG - ru.poscenter.jpos.scale.ScaleService - setPowerNotify(0)
2026-05-14 16:11:34,828 [   5689] [main]  DEBUG - ru.poscenter.jpos.scale.ScaleService - setPowerNotify: OK
2026-05-14 16:11:34,828 [   5689] [main]  DEBUG - ru.poscenter.jpos.scale.ScaleService - setDataEventEnabled(true)
2026-05-14 16:11:34,828 [   5689] [main]  DEBUG - ru.poscenter.jpos.scale.ScaleService - setDataEventEnabled: OK
2026-05-14 16:11:34,828 [   5689] [main]  DEBUG - ru.poscenter.jpos.scale.ScaleService - claim(0)
2026-05-14 16:11:34,828 [   5689] [main]  DEBUG - ru.poscenter.scale.ScaleSerial - setParam(OpenTimeout: 0)
2026-05-14 16:11:34,828 [   5689] [main]   INFO - ru.poscenter.jpos.scale.ScaleService - ChannelParams: minWeight=0g, maxWeight=0g
2026-05-14 16:11:34,828 [   5689] [ScaleEventThread]  DEBUG - ru.poscenter.jpos.scale.ScaleService - Event thread started
2026-05-14 16:11:34,828 [   5689] [main]   INFO - ru.poscenter.jpos.scale.ScaleService - ChannelParams details:
Флаги              : 0000
Десятичная точка   : 0
Степень            : 0
Тип канала         : < тензоканал >
Выборка массы тары : < нет >
Максимальный вес   : 0,000 кг
Минимальный вес    : 0,000 кг
Максимальная тара  : 0,000 кг
Количество градуировочных точек: 0
2026-05-14 16:11:34,828 [   5689] [main]  DEBUG - ru.poscenter.jpos.scale.ScaleService - null
Тип: 0.0, версия: 0.0
Модель: 0, язык: 0
2026-05-14 16:11:34,828 [   5689] [main]  DEBUG - ru.poscenter.jpos.scale.ScaleService - claim: OK, statistics initialized
2026-05-14 16:11:34,828 [   5689] [main]  DEBUG - ru.poscenter.jpos.scale.ScaleService - setDeviceEnabled(true)
2026-05-14 16:11:34,828 [   5689] [main]  DEBUG - ru.poscenter.jpos.scale.ScaleService - setDeviceEnabled: device enabled
2026-05-14 16:11:34,828 [   5689] [main]  DEBUG - ru.poscenter.jpos.scale.ScaleService - setDeviceEnabled: OK
2026-05-14 16:11:34,828 [   5689] [main]  DEBUG - ru.poscenter.jpos.scale.ScaleService - setAsyncMode(false)
2026-05-14 16:11:34,828 [   5689] [main]  DEBUG - ru.poscenter.jpos.scale.ScaleService - setAsyncMode: no change
2026-05-14 16:11:34,938 [   5799] [main]  DEBUG - ru.poscenter.jpos.scale.ScaleService - setPriceCalculationMode(mode=999)
2026-05-14 16:11:34,938 [   5799] [main]  DEBUG - ru.poscenter.jpos.scale.ScaleService - close()
2026-05-14 16:11:34,938 [   5799] [main]  DEBUG - ru.poscenter.jpos.scale.ScaleService - getDeviceEnabled
2026-05-14 16:11:34,938 [   5799] [main]  DEBUG - ru.poscenter.jpos.scale.ScaleService - getDeviceEnabled: true
2026-05-14 16:11:34,938 [   5799] [main]  DEBUG - ru.poscenter.jpos.scale.ScaleService - setDeviceEnabled(false)
2026-05-14 16:11:34,938 [   5799] [main]  DEBUG - ru.poscenter.jpos.scale.ScaleService - setDeviceEnabled: device disabled
2026-05-14 16:11:34,938 [   5799] [main]  DEBUG - ru.poscenter.jpos.scale.ScaleService - setDeviceEnabled: OK
2026-05-14 16:11:34,938 [   5799] [main]  DEBUG - ru.poscenter.jpos.scale.ScaleService - release()
2026-05-14 16:11:34,938 [   5799] [main]  DEBUG - ru.poscenter.jpos.scale.ScaleService - release: OK
2026-05-14 16:11:34,938 [   5799] [ScaleEventThread]  DEBUG - ru.poscenter.jpos.scale.ScaleService - Event thread interrupted
2026-05-14 16:11:34,938 [   5799] [ScaleEventThread]  DEBUG - ru.poscenter.jpos.scale.ScaleService - Event thread stopped
2026-05-14 16:11:34,938 [   5799] [main]  DEBUG - ru.poscenter.jpos.scale.ScaleService - Event thread stopped
2026-05-14 16:11:34,938 [   5799] [main]  DEBUG - ru.poscenter.jpos.scale.ScaleService - State changing from JPOS_S_IDLE to JPOS_S_CLOSED
2026-05-14 16:11:34,938 [   5799] [main]  DEBUG - ru.poscenter.jpos.scale.ScaleService - close: OK
2026-05-14 16:11:34,939 [   5800] [main]  DEBUG - ru.poscenter.jpos.scale.ScaleService - getState
2026-05-14 16:11:34,939 [   5800] [main]  DEBUG - ru.poscenter.jpos.scale.ScaleService - getState: JPOS_S_CLOSED
2026-05-14 16:11:34,939 [   5800] [main]  DEBUG - ru.poscenter.jpos.scale.ScaleService - open(TestScale, ru.poscenter.jpos.scale.ScaleServiceTest$TestEventCallbacksWithHandler@70325e14)
2026-05-14 16:11:34,939 [   5800] [main]  DEBUG - ru.poscenter.jpos.scale.ScaleService - State changing from JPOS_S_CLOSED to JPOS_S_IDLE
2026-05-14 16:11:34,939 [   5800] [main]  DEBUG - ru.poscenter.jpos.scale.ScaleService - open: OK
2026-05-14 16:11:34,939 [   5800] [main]  DEBUG - ru.poscenter.jpos.scale.ScaleService - getState
2026-05-14 16:11:34,939 [   5800] [main]  DEBUG - ru.poscenter.jpos.scale.ScaleService - getState: JPOS_S_IDLE
2026-05-14 16:11:34,939 [   5800] [main]  DEBUG - ru.poscenter.jpos.scale.ScaleService - getClaimed
2026-05-14 16:11:34,939 [   5800] [main]  DEBUG - ru.poscenter.jpos.scale.ScaleService - getClaimed: false
2026-05-14 16:11:34,939 [   5800] [main]  DEBUG - ru.poscenter.jpos.scale.ScaleService - claim(0)
2026-05-14 16:11:34,939 [   5800] [main]  DEBUG - ru.poscenter.scale.ScaleSerial - setParam(OpenTimeout: 0)
2026-05-14 16:11:34,939 [   5800] [main]   INFO - ru.poscenter.jpos.scale.ScaleService - ChannelParams: minWeight=0g, maxWeight=0g
2026-05-14 16:11:34,939 [   5800] [ScaleEventThread]  DEBUG - ru.poscenter.jpos.scale.ScaleService - Event thread started
2026-05-14 16:11:34,940 [   5801] [main]   INFO - ru.poscenter.jpos.scale.ScaleService - ChannelParams details:
Флаги              : 0000
Десятичная точка   : 0
Степень            : 0
Тип канала         : < тензоканал >
Выборка массы тары : < нет >
Максимальный вес   : 0,000 кг
Минимальный вес    : 0,000 кг
Максимальная тара  : 0,000 кг
Количество градуировочных точек: 0
2026-05-14 16:11:34,940 [   5801] [main]  DEBUG - ru.poscenter.jpos.scale.ScaleService - null
Тип: 0.0, версия: 0.0
Модель: 0, язык: 0
2026-05-14 16:11:34,940 [   5801] [main]  DEBUG - ru.poscenter.jpos.scale.ScaleService - claim: OK, statistics initialized
2026-05-14 16:11:34,940 [   5801] [main]  DEBUG - ru.poscenter.jpos.scale.ScaleService - getState
2026-05-14 16:11:34,940 [   5801] [main]  DEBUG - ru.poscenter.jpos.scale.ScaleService - getState: JPOS_S_IDLE
2026-05-14 16:11:34,940 [   5801] [main]  DEBUG - ru.poscenter.jpos.scale.ScaleService - getClaimed
2026-05-14 16:11:34,940 [   5801] [main]  DEBUG - ru.poscenter.jpos.scale.ScaleService - getClaimed: true
2026-05-14 16:11:34,940 [   5801] [main]  DEBUG - ru.poscenter.jpos.scale.ScaleService - setDeviceEnabled(true)
2026-05-14 16:11:34,940 [   5801] [main]  DEBUG - ru.poscenter.jpos.scale.ScaleService - Poll thread started
2026-05-14 16:11:34,940 [   5801] [main]  DEBUG - ru.poscenter.jpos.scale.ScaleService - setDeviceEnabled: device enabled
2026-05-14 16:11:34,940 [   5801] [main]  DEBUG - ru.poscenter.jpos.scale.ScaleService - setDeviceEnabled: OK
2026-05-14 16:11:34,940 [   5801] [main]  DEBUG - ru.poscenter.jpos.scale.ScaleService - getState
2026-05-14 16:11:34,940 [   5801] [main]  DEBUG - ru.poscenter.jpos.scale.ScaleService - getState: JPOS_S_IDLE
2026-05-14 16:11:34,940 [   5801] [main]  DEBUG - ru.poscenter.jpos.scale.ScaleService - getDeviceEnabled
2026-05-14 16:11:34,940 [   5801] [main]  DEBUG - ru.poscenter.jpos.scale.ScaleService - getDeviceEnabled: true
2026-05-14 16:11:34,940 [   5801] [main]  DEBUG - ru.poscenter.jpos.scale.ScaleService - setAsyncMode(true)
2026-05-14 16:11:34,940 [   5801] [main]  DEBUG - ru.poscenter.jpos.scale.ScaleService - Weight thread started
2026-05-14 16:11:34,940 [   5801] [main]  DEBUG - ru.poscenter.jpos.scale.ScaleService - setAsyncMode: OK
2026-05-14 16:11:34,940 [   5801] [main]  DEBUG - ru.poscenter.jpos.scale.ScaleService - getAsyncMode
2026-05-14 16:11:34,940 [   5801] [ScalePollThread]  DEBUG - ru.poscenter.jpos.scale.ScaleService - Poll thread started
2026-05-14 16:11:34,940 [   5801] [main]  DEBUG - ru.poscenter.jpos.scale.ScaleService - getAsyncMode: true
2026-05-14 16:11:34,940 [   5801] [main]  DEBUG - ru.poscenter.jpos.scale.ScaleService - getState
2026-05-14 16:11:34,940 [   5801] [main]  DEBUG - ru.poscenter.jpos.scale.ScaleService - getState: JPOS_S_IDLE
2026-05-14 16:11:34,940 [   5801] [main]  DEBUG - ru.poscenter.jpos.scale.ScaleService - setDeviceEnabled(false)
2026-05-14 16:11:34,940 [   5801] [main]  DEBUG - ru.poscenter.jpos.scale.ScaleService - setAsyncMode(false)
2026-05-14 16:11:34,940 [   5801] [ScaleWeightThread]  DEBUG - ru.poscenter.jpos.scale.ScaleService - Weight thread started
2026-05-14 16:11:34,940 [   5801] [ScaleWeightThread]  DEBUG - ru.poscenter.jpos.scale.ScaleService - Weight thread stopped
2026-05-14 16:11:34,940 [   5801] [main]  DEBUG - ru.poscenter.jpos.scale.ScaleService - Weight thread stopped
2026-05-14 16:11:34,940 [   5801] [main]  DEBUG - ru.poscenter.jpos.scale.ScaleService - setAsyncMode: OK
2026-05-14 16:11:34,940 [   5801] [ScalePollThread]  DEBUG - ru.poscenter.jpos.scale.ScaleService - Poll thread interrupted
2026-05-14 16:11:34,941 [   5802] [ScalePollThread]  DEBUG - ru.poscenter.jpos.scale.ScaleService - Poll thread stopped
2026-05-14 16:11:34,941 [   5802] [main]  DEBUG - ru.poscenter.jpos.scale.ScaleService - Poll thread stopped
2026-05-14 16:11:34,941 [   5802] [main]  DEBUG - ru.poscenter.jpos.scale.ScaleService - setDeviceEnabled: device disabled
2026-05-14 16:11:34,941 [   5802] [main]  DEBUG - ru.poscenter.jpos.scale.ScaleService - setDeviceEnabled: OK
2026-05-14 16:11:34,941 [   5802] [main]  DEBUG - ru.poscenter.jpos.scale.ScaleService - getDeviceEnabled
2026-05-14 16:11:34,941 [   5802] [main]  DEBUG - ru.poscenter.jpos.scale.ScaleService - getDeviceEnabled: false
2026-05-14 16:11:34,941 [   5802] [main]  DEBUG - ru.poscenter.jpos.scale.ScaleService - getAsyncMode
2026-05-14 16:11:34,941 [   5802] [main]  DEBUG - ru.poscenter.jpos.scale.ScaleService - getAsyncMode: false
2026-05-14 16:11:34,941 [   5802] [main]  DEBUG - ru.poscenter.jpos.scale.ScaleService - release()
2026-05-14 16:11:34,941 [   5802] [main]  DEBUG - ru.poscenter.jpos.scale.ScaleService - release: OK
2026-05-14 16:11:34,941 [   5802] [main]  DEBUG - ru.poscenter.jpos.scale.ScaleService - getClaimed
2026-05-14 16:11:34,941 [   5802] [main]  DEBUG - ru.poscenter.jpos.scale.ScaleService - getClaimed: false
2026-05-14 16:11:34,941 [   5802] [main]  DEBUG - ru.poscenter.jpos.scale.ScaleService - close()
2026-05-14 16:11:34,941 [   5802] [main]  DEBUG - ru.poscenter.jpos.scale.ScaleService - getDeviceEnabled
2026-05-14 16:11:34,941 [   5802] [main]  DEBUG - ru.poscenter.jpos.scale.ScaleService - getDeviceEnabled: false
2026-05-14 16:11:34,941 [   5802] [ScaleEventThread]  DEBUG - ru.poscenter.jpos.scale.ScaleService - Event thread interrupted
2026-05-14 16:11:34,941 [   5802] [ScaleEventThread]  DEBUG - ru.poscenter.jpos.scale.ScaleService - Event thread stopped
2026-05-14 16:11:34,941 [   5802] [main]  DEBUG - ru.poscenter.jpos.scale.ScaleService - Event thread stopped
2026-05-14 16:11:34,941 [   5802] [main]  DEBUG - ru.poscenter.jpos.scale.ScaleService - State changing from JPOS_S_IDLE to JPOS_S_CLOSED
2026-05-14 16:11:34,941 [   5802] [main]  DEBUG - ru.poscenter.jpos.scale.ScaleService - close: OK
2026-05-14 16:11:34,941 [   5802] [main]  DEBUG - ru.poscenter.jpos.scale.ScaleService - getState
2026-05-14 16:11:34,941 [   5802] [main]  DEBUG - ru.poscenter.jpos.scale.ScaleService - getState: JPOS_S_CLOSED
2026-05-14 16:11:34,942 [   5803] [main]  DEBUG - ru.poscenter.jpos.scale.ScaleService - open(TestScale, ru.poscenter.jpos.scale.ScaleServiceTest$TestEventCallbacksWithHandler@7c9d8e2)
2026-05-14 16:11:34,942 [   5803] [main]  DEBUG - ru.poscenter.jpos.scale.ScaleService - State changing from JPOS_S_CLOSED to JPOS_S_IDLE
2026-05-14 16:11:34,942 [   5803] [main]  DEBUG - ru.poscenter.jpos.scale.ScaleService - open: OK
2026-05-14 16:11:34,942 [   5803] [main]  DEBUG - ru.poscenter.jpos.scale.ScaleService - setPollEnabled(false)
2026-05-14 16:11:34,942 [   5803] [main]  DEBUG - ru.poscenter.jpos.scale.ScaleService - setPollEnabled: OK
2026-05-14 16:11:34,942 [   5803] [main]  DEBUG - ru.poscenter.jpos.scale.ScaleService - setPowerNotify(0)
2026-05-14 16:11:34,942 [   5803] [main]  DEBUG - ru.poscenter.jpos.scale.ScaleService - setPowerNotify: OK
2026-05-14 16:11:34,942 [   5803] [main]  DEBUG - ru.poscenter.jpos.scale.ScaleService - setDataEventEnabled(true)
2026-05-14 16:11:34,942 [   5803] [main]  DEBUG - ru.poscenter.jpos.scale.ScaleService - setDataEventEnabled: OK
2026-05-14 16:11:34,942 [   5803] [main]  DEBUG - ru.poscenter.jpos.scale.ScaleService - claim(0)
2026-05-14 16:11:34,942 [   5803] [main]  DEBUG - ru.poscenter.scale.ScaleSerial - setParam(OpenTimeout: 0)
2026-05-14 16:11:34,942 [   5803] [main]   INFO - ru.poscenter.jpos.scale.ScaleService - ChannelParams: minWeight=0g, maxWeight=0g
2026-05-14 16:11:34,942 [   5803] [ScaleEventThread]  DEBUG - ru.poscenter.jpos.scale.ScaleService - Event thread started
2026-05-14 16:11:34,942 [   5803] [main]   INFO - ru.poscenter.jpos.scale.ScaleService - ChannelParams details:
Флаги              : 0000
Десятичная точка   : 0
Степень            : 0
Тип канала         : < тензоканал >
Выборка массы тары : < нет >
Максимальный вес   : 0,000 кг
Минимальный вес    : 0,000 кг
Максимальная тара  : 0,000 кг
Количество градуировочных точек: 0
2026-05-14 16:11:34,942 [   5803] [main]  DEBUG - ru.poscenter.jpos.scale.ScaleService - null
Тип: 0.0, версия: 0.0
Модель: 0, язык: 0
2026-05-14 16:11:34,942 [   5803] [main]  DEBUG - ru.poscenter.jpos.scale.ScaleService - claim: OK, statistics initialized
2026-05-14 16:11:34,942 [   5803] [main]  DEBUG - ru.poscenter.jpos.scale.ScaleService - setDeviceEnabled(true)
2026-05-14 16:11:34,942 [   5803] [main]  DEBUG - ru.poscenter.jpos.scale.ScaleService - setDeviceEnabled: device enabled
2026-05-14 16:11:34,942 [   5803] [main]  DEBUG - ru.poscenter.jpos.scale.ScaleService - setDeviceEnabled: OK
2026-05-14 16:11:34,943 [   5804] [main]  DEBUG - ru.poscenter.jpos.scale.ScaleService - setAsyncMode(false)
2026-05-14 16:11:34,943 [   5804] [main]  DEBUG - ru.poscenter.jpos.scale.ScaleService - setAsyncMode: no change
2026-05-14 16:11:35,049 [   5910] [main]  DEBUG - ru.poscenter.jpos.scale.ScaleService - setSpecialTare(mode=1, data=300)
2026-05-14 16:11:35,049 [   5910] [main]  DEBUG - ru.poscenter.jpos.scale.ScaleService - close()
2026-05-14 16:11:35,049 [   5910] [main]  DEBUG - ru.poscenter.jpos.scale.ScaleService - getDeviceEnabled
2026-05-14 16:11:35,049 [   5910] [main]  DEBUG - ru.poscenter.jpos.scale.ScaleService - getDeviceEnabled: true
2026-05-14 16:11:35,049 [   5910] [main]  DEBUG - ru.poscenter.jpos.scale.ScaleService - setDeviceEnabled(false)
2026-05-14 16:11:35,049 [   5910] [main]  DEBUG - ru.poscenter.jpos.scale.ScaleService - setDeviceEnabled: device disabled
2026-05-14 16:11:35,049 [   5910] [main]  DEBUG - ru.poscenter.jpos.scale.ScaleService - setDeviceEnabled: OK
2026-05-14 16:11:35,049 [   5910] [main]  DEBUG - ru.poscenter.jpos.scale.ScaleService - release()
2026-05-14 16:11:35,049 [   5910] [main]  DEBUG - ru.poscenter.jpos.scale.ScaleService - release: OK
2026-05-14 16:11:35,049 [   5910] [ScaleEventThread]  DEBUG - ru.poscenter.jpos.scale.ScaleService - Event thread interrupted
2026-05-14 16:11:35,049 [   5910] [ScaleEventThread]  DEBUG - ru.poscenter.jpos.scale.ScaleService - Event thread stopped
2026-05-14 16:11:35,050 [   5911] [main]  DEBUG - ru.poscenter.jpos.scale.ScaleService - Event thread stopped
2026-05-14 16:11:35,050 [   5911] [main]  DEBUG - ru.poscenter.jpos.scale.ScaleService - State changing from JPOS_S_IDLE to JPOS_S_CLOSED
2026-05-14 16:11:35,050 [   5911] [main]  DEBUG - ru.poscenter.jpos.scale.ScaleService - close: OK
2026-05-14 16:11:35,051 [   5912] [main]  DEBUG - ru.poscenter.jpos.scale.ScaleService - open(TestScale, ru.poscenter.jpos.scale.ScaleServiceTest$TestEventCallbacksWithHandler@6200f9cb)
2026-05-14 16:11:35,051 [   5912] [main]  DEBUG - ru.poscenter.jpos.scale.ScaleService - State changing from JPOS_S_CLOSED to JPOS_S_IDLE
2026-05-14 16:11:35,051 [   5912] [main]  DEBUG - ru.poscenter.jpos.scale.ScaleService - open: OK
2026-05-14 16:11:35,051 [   5912] [main]  DEBUG - ru.poscenter.jpos.scale.ScaleService - setPollEnabled(false)
2026-05-14 16:11:35,051 [   5912] [main]  DEBUG - ru.poscenter.jpos.scale.ScaleService - setPollEnabled: OK
2026-05-14 16:11:35,051 [   5912] [main]  DEBUG - ru.poscenter.jpos.scale.ScaleService - setPowerNotify(0)
2026-05-14 16:11:35,051 [   5912] [main]  DEBUG - ru.poscenter.jpos.scale.ScaleService - setPowerNotify: OK
2026-05-14 16:11:35,051 [   5912] [main]  DEBUG - ru.poscenter.jpos.scale.ScaleService - setDataEventEnabled(true)
2026-05-14 16:11:35,051 [   5912] [main]  DEBUG - ru.poscenter.jpos.scale.ScaleService - setDataEventEnabled: OK
2026-05-14 16:11:35,051 [   5912] [main]  DEBUG - ru.poscenter.jpos.scale.ScaleService - claim(0)
2026-05-14 16:11:35,051 [   5912] [main]  DEBUG - ru.poscenter.scale.ScaleSerial - setParam(OpenTimeout: 0)
2026-05-14 16:11:35,051 [   5912] [main]   INFO - ru.poscenter.jpos.scale.ScaleService - ChannelParams: minWeight=0g, maxWeight=0g
2026-05-14 16:11:35,051 [   5912] [main]   INFO - ru.poscenter.jpos.scale.ScaleService - ChannelParams details:
Флаги              : 0000
Десятичная точка   : 0
Степень            : 0
Тип канала         : < тензоканал >
Выборка массы тары : < нет >
Максимальный вес   : 0,000 кг
Минимальный вес    : 0,000 кг
Максимальная тара  : 0,000 кг
Количество градуировочных точек: 0
2026-05-14 16:11:35,051 [   5912] [main]  DEBUG - ru.poscenter.jpos.scale.ScaleService - null
Тип: 0.0, версия: 0.0
Модель: 0, язык: 0
2026-05-14 16:11:35,051 [   5912] [main]  DEBUG - ru.poscenter.jpos.scale.ScaleService - claim: OK, statistics initialized
2026-05-14 16:11:35,051 [   5912] [main]  DEBUG - ru.poscenter.jpos.scale.ScaleService - setDeviceEnabled(true)
2026-05-14 16:11:35,051 [   5912] [main]  DEBUG - ru.poscenter.jpos.scale.ScaleService - setDeviceEnabled: device enabled
2026-05-14 16:11:35,051 [   5912] [main]  DEBUG - ru.poscenter.jpos.scale.ScaleService - setDeviceEnabled: OK
2026-05-14 16:11:35,051 [   5912] [main]  DEBUG - ru.poscenter.jpos.scale.ScaleService - setAsyncMode(true)
2026-05-14 16:11:35,051 [   5912] [ScaleEventThread]  DEBUG - ru.poscenter.jpos.scale.ScaleService - Event thread started
2026-05-14 16:11:35,051 [   5912] [main]  DEBUG - ru.poscenter.jpos.scale.ScaleService - Weight thread started
2026-05-14 16:11:35,051 [   5912] [main]  DEBUG - ru.poscenter.jpos.scale.ScaleService - setAsyncMode: OK
2026-05-14 16:11:35,052 [   5913] [ScaleWeightThread]  DEBUG - ru.poscenter.jpos.scale.ScaleService - Weight thread started
2026-05-14 16:11:35,159 [   6020] [main]  DEBUG - ru.poscenter.jpos.scale.ScaleService - readWeight(null, 1000)
2026-05-14 16:11:35,159 [   6020] [main]  DEBUG - ru.poscenter.jpos.scale.ScaleService - State changing from JPOS_S_IDLE to JPOS_S_BUSY
2026-05-14 16:11:35,159 [   6020] [main]  DEBUG - ru.poscenter.jpos.scale.ScaleService - readWeight: async request queued
2026-05-14 16:11:35,159 [   6020] [ScaleWeightThread]  DEBUG - ru.poscenter.jpos.scale.ScaleService - Processing request #1766145591, timeout=1000, retry=0
2026-05-14 16:11:35,159 [   6020] [ScaleWeightThread]  DEBUG - ru.poscenter.jpos.scale.ScaleService - State changing from JPOS_S_BUSY to JPOS_S_IDLE
2026-05-14 16:11:35,159 [   6020] [ScaleWeightThread]  DEBUG - ru.poscenter.jpos.scale.ScaleService - Weight request processed, weight=1234
2026-05-14 16:11:35,175 [   6036] [ScaleEventThread]  DEBUG - ru.poscenter.jpos.scale.ScaleService - fireJposEvent: DataEvent
2026-05-14 16:11:35,175 [   6036] [ScaleEventThread]  DEBUG - ru.poscenter.jpos.scale.ScaleService - clearInput()
2026-05-14 16:11:35,175 [   6036] [ScaleEventThread]  DEBUG - ru.poscenter.jpos.scale.ScaleService - clearInput: OK
2026-05-14 16:11:35,175 [   6036] [main]  DEBUG - ru.poscenter.jpos.scale.ScaleService - getState
2026-05-14 16:11:35,175 [   6036] [main]  DEBUG - ru.poscenter.jpos.scale.ScaleService - getState: JPOS_S_IDLE
2026-05-14 16:11:35,175 [   6036] [main]  DEBUG - ru.poscenter.jpos.scale.ScaleService - close()
2026-05-14 16:11:35,175 [   6036] [main]  DEBUG - ru.poscenter.jpos.scale.ScaleService - getDeviceEnabled
2026-05-14 16:11:35,175 [   6036] [main]  DEBUG - ru.poscenter.jpos.scale.ScaleService - getDeviceEnabled: true
2026-05-14 16:11:35,175 [   6036] [main]  DEBUG - ru.poscenter.jpos.scale.ScaleService - setDeviceEnabled(false)
2026-05-14 16:11:35,175 [   6036] [main]  DEBUG - ru.poscenter.jpos.scale.ScaleService - setAsyncMode(false)
2026-05-14 16:11:35,176 [   6037] [ScaleWeightThread]  DEBUG - ru.poscenter.jpos.scale.ScaleService - Weight thread interrupted
2026-05-14 16:11:35,176 [   6037] [ScaleWeightThread]  DEBUG - ru.poscenter.jpos.scale.ScaleService - Weight thread stopped
2026-05-14 16:11:35,176 [   6037] [main]  DEBUG - ru.poscenter.jpos.scale.ScaleService - Weight thread stopped
2026-05-14 16:11:35,176 [   6037] [main]  DEBUG - ru.poscenter.jpos.scale.ScaleService - setAsyncMode: OK
2026-05-14 16:11:35,176 [   6037] [main]  DEBUG - ru.poscenter.jpos.scale.ScaleService - setDeviceEnabled: device disabled
2026-05-14 16:11:35,176 [   6037] [main]  DEBUG - ru.poscenter.jpos.scale.ScaleService - setDeviceEnabled: OK
2026-05-14 16:11:35,176 [   6037] [main]  DEBUG - ru.poscenter.jpos.scale.ScaleService - release()
2026-05-14 16:11:35,176 [   6037] [main]  DEBUG - ru.poscenter.jpos.scale.ScaleService - release: OK
2026-05-14 16:11:35,176 [   6037] [ScaleEventThread]  DEBUG - ru.poscenter.jpos.scale.ScaleService - Event thread interrupted
2026-05-14 16:11:35,176 [   6037] [ScaleEventThread]  DEBUG - ru.poscenter.jpos.scale.ScaleService - Event thread stopped
2026-05-14 16:11:35,176 [   6037] [main]  DEBUG - ru.poscenter.jpos.scale.ScaleService - Event thread stopped
2026-05-14 16:11:35,177 [   6038] [main]  DEBUG - ru.poscenter.jpos.scale.ScaleService - State changing from JPOS_S_IDLE to JPOS_S_CLOSED
2026-05-14 16:11:35,177 [   6038] [main]  DEBUG - ru.poscenter.jpos.scale.ScaleService - close: OK
2026-05-14 16:11:35,178 [   6039] [main]  DEBUG - ru.poscenter.jpos.scale.ScaleService - open(TestScale, ru.poscenter.jpos.scale.ScaleServiceTest$TestEventCallbacksWithHandler@ae13544)
2026-05-14 16:11:35,178 [   6039] [main]  DEBUG - ru.poscenter.jpos.scale.ScaleService - State changing from JPOS_S_CLOSED to JPOS_S_IDLE
2026-05-14 16:11:35,178 [   6039] [main]  DEBUG - ru.poscenter.jpos.scale.ScaleService - open: OK
2026-05-14 16:11:35,178 [   6039] [main]  DEBUG - ru.poscenter.jpos.scale.ScaleService - setPollEnabled(false)
2026-05-14 16:11:35,178 [   6039] [main]  DEBUG - ru.poscenter.jpos.scale.ScaleService - setPollEnabled: OK
2026-05-14 16:11:35,178 [   6039] [main]  DEBUG - ru.poscenter.jpos.scale.ScaleService - setPowerNotify(0)
2026-05-14 16:11:35,178 [   6039] [main]  DEBUG - ru.poscenter.jpos.scale.ScaleService - setPowerNotify: OK
2026-05-14 16:11:35,178 [   6039] [main]  DEBUG - ru.poscenter.jpos.scale.ScaleService - setDataEventEnabled(true)
2026-05-14 16:11:35,178 [   6039] [main]  DEBUG - ru.poscenter.jpos.scale.ScaleService - setDataEventEnabled: OK
2026-05-14 16:11:35,178 [   6039] [main]  DEBUG - ru.poscenter.jpos.scale.ScaleService - claim(0)
2026-05-14 16:11:35,178 [   6039] [main]  DEBUG - ru.poscenter.scale.ScaleSerial - setParam(OpenTimeout: 0)
2026-05-14 16:11:35,178 [   6039] [main]   INFO - ru.poscenter.jpos.scale.ScaleService - ChannelParams: minWeight=0g, maxWeight=0g
2026-05-14 16:11:35,178 [   6039] [main]   INFO - ru.poscenter.jpos.scale.ScaleService - ChannelParams details:
Флаги              : 0000
Десятичная точка   : 0
Степень            : 0
Тип канала         : < тензоканал >
Выборка массы тары : < нет >
Максимальный вес   : 0,000 кг
Минимальный вес    : 0,000 кг
Максимальная тара  : 0,000 кг
Количество градуировочных точек: 0
2026-05-14 16:11:35,178 [   6039] [ScaleEventThread]  DEBUG - ru.poscenter.jpos.scale.ScaleService - Event thread started
2026-05-14 16:11:35,179 [   6040] [main]  DEBUG - ru.poscenter.jpos.scale.ScaleService - null
Тип: 0.0, версия: 0.0
Модель: 0, язык: 0
2026-05-14 16:11:35,179 [   6040] [main]  DEBUG - ru.poscenter.jpos.scale.ScaleService - claim: OK, statistics initialized
2026-05-14 16:11:35,179 [   6040] [main]  DEBUG - ru.poscenter.jpos.scale.ScaleService - setDeviceEnabled(true)
2026-05-14 16:11:35,179 [   6040] [main]  DEBUG - ru.poscenter.jpos.scale.ScaleService - setDeviceEnabled: device enabled
2026-05-14 16:11:35,179 [   6040] [main]  DEBUG - ru.poscenter.jpos.scale.ScaleService - setDeviceEnabled: OK
2026-05-14 16:11:35,179 [   6040] [main]  DEBUG - ru.poscenter.jpos.scale.ScaleService - setAsyncMode(true)
2026-05-14 16:11:35,179 [   6040] [main]  DEBUG - ru.poscenter.jpos.scale.ScaleService - Weight thread started
2026-05-14 16:11:35,179 [   6040] [main]  DEBUG - ru.poscenter.jpos.scale.ScaleService - setAsyncMode: OK
2026-05-14 16:11:35,179 [   6040] [ScaleWeightThread]  DEBUG - ru.poscenter.jpos.scale.ScaleService - Weight thread started
2026-05-14 16:11:35,285 [   6146] [main]  DEBUG - ru.poscenter.jpos.scale.ScaleService - readWeight(null, 1000)
2026-05-14 16:11:35,285 [   6146] [main]  DEBUG - ru.poscenter.jpos.scale.ScaleService - State changing from JPOS_S_IDLE to JPOS_S_BUSY
2026-05-14 16:11:35,285 [   6146] [ScaleWeightThread]  DEBUG - ru.poscenter.jpos.scale.ScaleService - Processing request #1026871825, timeout=1000, retry=0
2026-05-14 16:11:35,285 [   6146] [main]  DEBUG - ru.poscenter.jpos.scale.ScaleService - readWeight: async request queued
2026-05-14 16:11:35,285 [   6146] [ScaleWeightThread]  DEBUG - ru.poscenter.jpos.scale.ScaleService - State changing from JPOS_S_BUSY to JPOS_S_IDLE
2026-05-14 16:11:35,285 [   6146] [ScaleWeightThread]  DEBUG - ru.poscenter.jpos.scale.ScaleService - Weight request processed, weight=1234
2026-05-14 16:11:35,302 [   6163] [ScaleEventThread]  DEBUG - ru.poscenter.jpos.scale.ScaleService - fireJposEvent: DataEvent
2026-05-14 16:11:35,302 [   6163] [main]  DEBUG - ru.poscenter.jpos.scale.ScaleService - getState
2026-05-14 16:11:35,302 [   6163] [main]  DEBUG - ru.poscenter.jpos.scale.ScaleService - getState: JPOS_S_IDLE
2026-05-14 16:11:35,302 [   6163] [main]  DEBUG - ru.poscenter.jpos.scale.ScaleService - close()
2026-05-14 16:11:35,302 [   6163] [main]  DEBUG - ru.poscenter.jpos.scale.ScaleService - getDeviceEnabled
2026-05-14 16:11:35,302 [   6163] [main]  DEBUG - ru.poscenter.jpos.scale.ScaleService - getDeviceEnabled: true
2026-05-14 16:11:35,302 [   6163] [main]  DEBUG - ru.poscenter.jpos.scale.ScaleService - setDeviceEnabled(false)
2026-05-14 16:11:35,302 [   6163] [main]  DEBUG - ru.poscenter.jpos.scale.ScaleService - setAsyncMode(false)
2026-05-14 16:11:35,302 [   6163] [ScaleWeightThread]  DEBUG - ru.poscenter.jpos.scale.ScaleService - Weight thread interrupted
2026-05-14 16:11:35,302 [   6163] [ScaleWeightThread]  DEBUG - ru.poscenter.jpos.scale.ScaleService - Weight thread stopped
2026-05-14 16:11:35,302 [   6163] [main]  DEBUG - ru.poscenter.jpos.scale.ScaleService - Weight thread stopped
2026-05-14 16:11:35,302 [   6163] [main]  DEBUG - ru.poscenter.jpos.scale.ScaleService - setAsyncMode: OK
2026-05-14 16:11:35,302 [   6163] [main]  DEBUG - ru.poscenter.jpos.scale.ScaleService - setDeviceEnabled: device disabled
2026-05-14 16:11:35,302 [   6163] [main]  DEBUG - ru.poscenter.jpos.scale.ScaleService - setDeviceEnabled: OK
2026-05-14 16:11:35,302 [   6163] [main]  DEBUG - ru.poscenter.jpos.scale.ScaleService - release()
2026-05-14 16:11:35,302 [   6163] [main]  DEBUG - ru.poscenter.jpos.scale.ScaleService - release: OK
2026-05-14 16:11:35,303 [   6164] [ScaleEventThread]  DEBUG - ru.poscenter.jpos.scale.ScaleService - Event thread interrupted
2026-05-14 16:11:35,303 [   6164] [ScaleEventThread]  DEBUG - ru.poscenter.jpos.scale.ScaleService - Event thread stopped
2026-05-14 16:11:35,303 [   6164] [main]  DEBUG - ru.poscenter.jpos.scale.ScaleService - Event thread stopped
2026-05-14 16:11:35,303 [   6164] [main]  DEBUG - ru.poscenter.jpos.scale.ScaleService - State changing from JPOS_S_IDLE to JPOS_S_CLOSED
2026-05-14 16:11:35,303 [   6164] [main]  DEBUG - ru.poscenter.jpos.scale.ScaleService - close: OK
2026-05-14 16:11:35,304 [   6165] [main]  DEBUG - ru.poscenter.jpos.scale.ScaleService - open(TestScale, ru.poscenter.jpos.scale.ScaleServiceTest$TestEventCallbacksWithHandler@4009e306)
2026-05-14 16:11:35,304 [   6165] [main]  DEBUG - ru.poscenter.jpos.scale.ScaleService - State changing from JPOS_S_CLOSED to JPOS_S_IDLE
2026-05-14 16:11:35,304 [   6165] [main]  DEBUG - ru.poscenter.jpos.scale.ScaleService - open: OK
2026-05-14 16:11:35,304 [   6165] [main]  DEBUG - ru.poscenter.jpos.scale.ScaleService - setPollEnabled(false)
2026-05-14 16:11:35,305 [   6166] [main]  DEBUG - ru.poscenter.jpos.scale.ScaleService - setPollEnabled: OK
2026-05-14 16:11:35,305 [   6166] [main]  DEBUG - ru.poscenter.jpos.scale.ScaleService - setPowerNotify(0)
2026-05-14 16:11:35,305 [   6166] [main]  DEBUG - ru.poscenter.jpos.scale.ScaleService - setPowerNotify: OK
2026-05-14 16:11:35,305 [   6166] [main]  DEBUG - ru.poscenter.jpos.scale.ScaleService - setDataEventEnabled(true)
2026-05-14 16:11:35,305 [   6166] [main]  DEBUG - ru.poscenter.jpos.scale.ScaleService - setDataEventEnabled: OK
2026-05-14 16:11:35,305 [   6166] [main]  DEBUG - ru.poscenter.jpos.scale.ScaleService - claim(0)
2026-05-14 16:11:35,305 [   6166] [main]  DEBUG - ru.poscenter.scale.ScaleSerial - setParam(OpenTimeout: 0)
2026-05-14 16:11:35,305 [   6166] [main]   INFO - ru.poscenter.jpos.scale.ScaleService - ChannelParams: minWeight=0g, maxWeight=0g
2026-05-14 16:11:35,305 [   6166] [main]   INFO - ru.poscenter.jpos.scale.ScaleService - ChannelParams details:
Флаги              : 0000
Десятичная точка   : 0
Степень            : 0
Тип канала         : < тензоканал >
Выборка массы тары : < нет >
Максимальный вес   : 0,000 кг
Минимальный вес    : 0,000 кг
Максимальная тара  : 0,000 кг
Количество градуировочных точек: 0
2026-05-14 16:11:35,305 [   6166] [main]  DEBUG - ru.poscenter.jpos.scale.ScaleService - null
Тип: 0.0, версия: 0.0
Модель: 0, язык: 0
2026-05-14 16:11:35,305 [   6166] [main]  DEBUG - ru.poscenter.jpos.scale.ScaleService - claim: OK, statistics initialized
2026-05-14 16:11:35,305 [   6166] [main]  DEBUG - ru.poscenter.jpos.scale.ScaleService - setDeviceEnabled(true)
2026-05-14 16:11:35,305 [   6166] [main]  DEBUG - ru.poscenter.jpos.scale.ScaleService - setDeviceEnabled: device enabled
2026-05-14 16:11:35,305 [   6166] [main]  DEBUG - ru.poscenter.jpos.scale.ScaleService - setDeviceEnabled: OK
2026-05-14 16:11:35,305 [   6166] [main]  DEBUG - ru.poscenter.jpos.scale.ScaleService - setAsyncMode(false)
2026-05-14 16:11:35,305 [   6166] [main]  DEBUG - ru.poscenter.jpos.scale.ScaleService - setAsyncMode: no change
2026-05-14 16:11:35,305 [   6166] [ScaleEventThread]  DEBUG - ru.poscenter.jpos.scale.ScaleService - Event thread started
2026-05-14 16:11:35,412 [   6273] [main]  DEBUG - ru.poscenter.jpos.scale.ScaleService - setTarePrioity(priority=1)
2026-05-14 16:11:35,412 [   6273] [main]  DEBUG - ru.poscenter.jpos.scale.ScaleService - close()
2026-05-14 16:11:35,412 [   6273] [main]  DEBUG - ru.poscenter.jpos.scale.ScaleService - getDeviceEnabled
2026-05-14 16:11:35,412 [   6273] [main]  DEBUG - ru.poscenter.jpos.scale.ScaleService - getDeviceEnabled: true
2026-05-14 16:11:35,412 [   6273] [main]  DEBUG - ru.poscenter.jpos.scale.ScaleService - setDeviceEnabled(false)
2026-05-14 16:11:35,412 [   6273] [main]  DEBUG - ru.poscenter.jpos.scale.ScaleService - setDeviceEnabled: device disabled
2026-05-14 16:11:35,412 [   6273] [main]  DEBUG - ru.poscenter.jpos.scale.ScaleService - setDeviceEnabled: OK
2026-05-14 16:11:35,412 [   6273] [main]  DEBUG - ru.poscenter.jpos.scale.ScaleService - release()
2026-05-14 16:11:35,412 [   6273] [main]  DEBUG - ru.poscenter.jpos.scale.ScaleService - release: OK
2026-05-14 16:11:35,412 [   6273] [ScaleEventThread]  DEBUG - ru.poscenter.jpos.scale.ScaleService - Event thread interrupted
2026-05-14 16:11:35,412 [   6273] [ScaleEventThread]  DEBUG - ru.poscenter.jpos.scale.ScaleService - Event thread stopped
2026-05-14 16:11:35,412 [   6273] [main]  DEBUG - ru.poscenter.jpos.scale.ScaleService - Event thread stopped
2026-05-14 16:11:35,412 [   6273] [main]  DEBUG - ru.poscenter.jpos.scale.ScaleService - State changing from JPOS_S_IDLE to JPOS_S_CLOSED
2026-05-14 16:11:35,412 [   6273] [main]  DEBUG - ru.poscenter.jpos.scale.ScaleService - close: OK
2026-05-14 16:11:35,414 [   6275] [main]  DEBUG - ru.poscenter.jpos.scale.ScaleService - open(TestScale, ru.poscenter.jpos.scale.ScaleServiceTest$TestEventCallbacksWithHandler@587e5365)
2026-05-14 16:11:35,414 [   6275] [main]  DEBUG - ru.poscenter.jpos.scale.ScaleService - State changing from JPOS_S_CLOSED to JPOS_S_IDLE
2026-05-14 16:11:35,414 [   6275] [main]  DEBUG - ru.poscenter.jpos.scale.ScaleService - open: OK
2026-05-14 16:11:35,414 [   6275] [main]  DEBUG - ru.poscenter.jpos.scale.ScaleService - setPollEnabled(false)
2026-05-14 16:11:35,414 [   6275] [main]  DEBUG - ru.poscenter.jpos.scale.ScaleService - setPollEnabled: OK
2026-05-14 16:11:35,414 [   6275] [main]  DEBUG - ru.poscenter.jpos.scale.ScaleService - setPowerNotify(0)
2026-05-14 16:11:35,414 [   6275] [main]  DEBUG - ru.poscenter.jpos.scale.ScaleService - setPowerNotify: OK
2026-05-14 16:11:35,414 [   6275] [main]  DEBUG - ru.poscenter.jpos.scale.ScaleService - setDataEventEnabled(true)
2026-05-14 16:11:35,414 [   6275] [main]  DEBUG - ru.poscenter.jpos.scale.ScaleService - setDataEventEnabled: OK
2026-05-14 16:11:35,414 [   6275] [main]  DEBUG - ru.poscenter.jpos.scale.ScaleService - claim(0)
2026-05-14 16:11:35,414 [   6275] [main]  DEBUG - ru.poscenter.scale.ScaleSerial - setParam(OpenTimeout: 0)
2026-05-14 16:11:35,414 [   6275] [main]   INFO - ru.poscenter.jpos.scale.ScaleService - ChannelParams: minWeight=0g, maxWeight=0g
2026-05-14 16:11:35,414 [   6275] [ScaleEventThread]  DEBUG - ru.poscenter.jpos.scale.ScaleService - Event thread started
2026-05-14 16:11:35,414 [   6275] [main]   INFO - ru.poscenter.jpos.scale.ScaleService - ChannelParams details:
Флаги              : 0000
Десятичная точка   : 0
Степень            : 0
Тип канала         : < тензоканал >
Выборка массы тары : < нет >
Максимальный вес   : 0,000 кг
Минимальный вес    : 0,000 кг
Максимальная тара  : 0,000 кг
Количество градуировочных точек: 0
2026-05-14 16:11:35,414 [   6275] [main]  DEBUG - ru.poscenter.jpos.scale.ScaleService - null
Тип: 0.0, версия: 0.0
Модель: 0, язык: 0
2026-05-14 16:11:35,414 [   6275] [main]  DEBUG - ru.poscenter.jpos.scale.ScaleService - claim: OK, statistics initialized
2026-05-14 16:11:35,414 [   6275] [main]  DEBUG - ru.poscenter.jpos.scale.ScaleService - setDeviceEnabled(true)
2026-05-14 16:11:35,414 [   6275] [main]  DEBUG - ru.poscenter.jpos.scale.ScaleService - setDeviceEnabled: device enabled
2026-05-14 16:11:35,414 [   6275] [main]  DEBUG - ru.poscenter.jpos.scale.ScaleService - setDeviceEnabled: OK
2026-05-14 16:11:35,414 [   6275] [main]  DEBUG - ru.poscenter.jpos.scale.ScaleService - setAsyncMode(false)
2026-05-14 16:11:35,414 [   6275] [main]  DEBUG - ru.poscenter.jpos.scale.ScaleService - setAsyncMode: no change
2026-05-14 16:11:35,524 [   6385] [main]  DEBUG - ru.poscenter.jpos.scale.ScaleService - setUnitPrice(100)
2026-05-14 16:11:35,524 [   6385] [main]  ERROR - ru.poscenter.jpos.scale.ScaleService - setUnitPrice: Not supported
2026-05-14 16:11:38,017 [    958] [AWT-EventQueue-0]  DEBUG - ru.poscenter.scale.SmScale - loadParams()
2026-05-14 16:11:38,051 [    992] [AWT-EventQueue-0]  DEBUG - ru.poscenter.scale.ScaleSerial - setParam(DataBits: 8)
2026-05-14 16:11:38,051 [    992] [AWT-EventQueue-0]  DEBUG - ru.poscenter.scale.ScaleSerial - setParam(StopBits: 1)
2026-05-14 16:11:38,051 [    992] [AWT-EventQueue-0]  DEBUG - ru.poscenter.scale.ScaleSerial - setParam(Parity: 0)
2026-05-14 16:11:38,051 [    992] [AWT-EventQueue-0]  DEBUG - ru.poscenter.scale.ScaleSerial - setParam(Password: 30)
2026-05-14 16:11:38,051 [    992] [AWT-EventQueue-0]  DEBUG - ru.poscenter.scale.ScaleSerial - setParam(AppName: Программа градуировки)
2026-05-14 16:11:38,051 [    992] [AWT-EventQueue-0]  DEBUG - ru.poscenter.scale.ScaleSerial - setParam(OpenTimeout: 100)
2026-05-14 16:11:38,051 [    992] [AWT-EventQueue-0]  DEBUG - ru.poscenter.scale.SmScale - loadParams(): OK
